POS,Height (in),Weight (lbs),40 Yard,Bench Press,Vert Leap (in),Broad Jump (in),Shuttle,3Cone,Pro Bowl
OT,78.0,321,5.41,20,29.0,102,4.9,8.23,0
LB,73.0,235,4.7,24,33.5,114,4.33,7.31,0
CB,71.0,193,4.56,9,32.0,114,4.29,7.31,0
OT,78.5,290,5.2,22,25.0,99,4.83,7.31,0
RB,71.13,208,4.39,15,37.0,121,4.39,7.18,0
LB,72.6,242,4.78,25,33.0,113,4.39,7.31,1
LB,74.25,243,4.72,24,34.0,117,4.28,6.73,0
WR,72.75,207,4.58,22,34.0,119,4.2,7.06,0
OG,76.75,352,5.31,30,34.0,114,4.36,7.31,0
LB,72.88,222,4.59,16,33.0,120,4.26,7.13,1
RB,76.13,246,4.87,17,33.0,116,4.35,7.04,0
WR,72.0,170,4.68,8,31.0,114,4.51,7.31,0
OG,76.88,307,5.03,31,28.0,120,4.5,7.44,0
S,70.63,202,4.77,17,39.5,128,4.45,7.31,0
CB,71.75,190,4.49,12,38.5,127,4.19,6.9,1
LB,70.38,226,4.71,19,32.5,118,4.51,7.47,0
DT,75.1,273,5.24,19,25.5,96,4.63,7.31,0
WR,72.75,212,4.51,22,36.0,113,4.43,6.96,0
CB,71.0,185,4.67,16,38.0,118,4.39,7.37,0
DT,76.0,298,4.77,30,26.0,103,4.53,7.07,1
OT,79.63,336,5.09,21,31.0,98,5.0,8.19,1
DT,73.25,335,5.37,38,29.5,102,4.91,8.09,1
S,71.4,208,4.77,11,34.5,116,4.04,7.31,0
DE,76.9,261,4.81,28,29.0,108,4.35,7.31,0
S,73.38,207,4.56,9,35.5,122,4.27,6.85,1
LB,74.38,238,4.65,24,32.5,115,4.31,7.0,0
S,69.13,203,4.45,20,36.0,124,4.46,7.31,1
RB,68.88,209,4.41,32,40.5,132,4.12,6.83,0
LB,73.38,248,5.0,16,30.0,104,4.56,7.51,1
DT,76.0,344,5.12,22,29.5,103,4.69,7.66,1
DE,77.25,269,4.86,24,32.0,120,4.21,6.89,1
WR,72.88,211,4.42,20,33.0,120,3.98,6.71,1
DE,74.0,252,4.75,26,34.5,118,4.5,7.35,1
C,74.88,309,5.24,26,29.0,104,4.59,8.06,0
CB,69.0,185,4.62,20,31.5,115,4.02,6.81,0
LB,76.75,249,4.76,21,40.5,133,4.55,7.09,0
CB,71.8,204,4.55,15,39.5,120,3.96,7.65,1
CB,73.6,188,4.66,18,32.0,121,4.41,7.31,1
LB,72.5,221,4.87,16,30.5,110,4.41,7.31,0
DT,73.0,309,5.38,25,24.5,92,4.99,8.03,0
OT,78.9,323,5.23,26,30.0,102,4.6,7.31,1
CB,71.88,195,4.8,10,32.9,114,4.42,7.31,1
RB,71.0,210,4.61,20,32.0,113,4.14,7.08,0
TE,77.1,244,5.14,12,28.5,107,4.79,7.31,0
RB,67.88,201,4.49,17,32.5,105,4.37,6.94,1
RB,71.63,241,4.8,30,32.5,110,4.46,7.2,1
DT,73.25,299,4.99,25,32.5,109,4.67,7.5,0
WR,71.25,187,4.71,21,32.5,118,4.51,7.31,0
OT,76.63,316,5.21,27,29.5,113,4.67,7.42,1
CB,72.0,190,4.57,12,38.0,113,4.37,6.98,0
CB,71.25,190,4.49,21,36.5,120,4.0,6.5,0
WR,70.38,203,4.53,10,34.0,111,4.21,6.77,1
QB,76.3,213,4.75,13,28.7,109,4.45,7.31,1
DT,76.5,342,5.05,36,32.6,115,4.46,7.31,1
QB,77.63,213,4.77,20,38.5,119,4.45,7.31,1
QB,75.38,226,4.93,20,34.5,123,4.25,6.96,0
RB,71.5,224,4.55,19,34.0,125,4.29,6.96,0
DE,75.13,263,4.81,28,32.5,112,4.2,7.22,0
S,72.6,204,4.6,11,38.0,123,4.15,7.25,0
OG,77.0,303,5.12,24,25.0,96,4.64,7.66,1
C,73.4,298,5.25,29,28.0,93,4.51,7.81,0
RB,71.0,213,4.67,22,32.0,112,4.33,7.13,0
DE,76.25,263,4.74,20,34.0,118,4.5,7.19,1
CB,72.25,197,4.41,10,31.9,125,4.28,6.75,1
S,73.38,205,4.67,13,32.0,113,3.95,6.47,0
WR,70.5,184,4.89,20,30.8,111,4.47,7.31,1
LB,73.13,222,4.66,19,38.0,126,4.35,7.09,0
LB,75.1,238,4.94,19,30.5,102,4.5,7.31,0
QB,77.25,237,4.77,19,30.5,118,4.15,6.86,1
OT,78.38,316,5.47,26,30.0,101,4.88,8.31,0
WR,72.38,199,4.28,14,40.0,129,4.27,6.9,1
WR,70.5,180,4.43,17,37.5,130,4.44,7.31,0
DE,78.0,294,4.87,24,25.0,105,4.45,7.79,0
WR,75.1,197,4.63,22,32.5,113,4.08,6.9,0
DE,75.6,267,4.93,25,34.0,109,4.23,7.09,0
OG,75.0,290,5.55,17,27.0,100,5.0,7.31,0
C,77.13,312,4.99,26,33.5,115,4.51,8.04,1
WR,72.75,220,4.38,19,34.5,123,4.27,7.0,0
DE,73.9,255,4.91,27,29.0,109,4.3,7.31,0
QB,77.0,233,4.86,18,32.5,111,4.54,7.31,1
OG,74.88,304,5.12,27,35.5,105,4.49,7.29,0
OT,79.13,309,4.87,29,30.5,116,4.49,7.39,1
CB,71.8,182,4.29,17,31.4,110,4.44,7.31,1
DE,76.3,252,4.94,25,32.5,120,4.47,7.31,1
CB,69.5,186,4.34,16,36.0,125,4.27,6.92,1
OT,77.0,320,5.34,24,27.5,100,4.84,7.87,1
DE,73.63,282,4.77,25,31.5,120,4.44,7.57,0
RB,71.63,231,4.64,15,31.5,112,4.15,7.09,0
QB,76.6,229,4.48,21,34.0,114,4.36,7.31,1
LB,75.5,231,4.76,16,31.5,111,4.25,7.31,1
OT,75.88,307,5.15,23,27.0,101,4.58,7.36,1
CB,70.88,188,4.49,18,34.0,123,4.07,7.2,0
OT,79.38,321,5.46,16,28.5,96,4.87,8.28,0
WR,72.0,191,4.36,15,36.5,127,4.06,6.87,0
LB,72.9,246,4.88,20,30.5,112,4.28,7.84,1
DT,75.63,309,5.15,23,37.0,109,4.67,7.45,0
QB,75.0,220,4.88,20,28.5,101,4.32,7.28,0
QB,75.75,235,4.81,20,28.5,108,4.48,7.26,0
RB,72.0,232,4.53,19,35.5,122,4.27,7.31,0
CB,69.75,189,4.62,18,34.5,120,4.22,7.12,0
C,75.0,283,5.22,21,25.5,96,4.9,8.24,0
S,75.25,231,4.62,22,32.0,116,4.41,7.36,1
LB,72.88,224,4.71,22,35.5,123,4.25,7.03,0
WR,70.5,183,4.53,15,33.5,123,4.45,7.09,1
LB,74.63,245,4.61,20,37.0,121,4.38,7.49,0
OT,76.25,317,4.78,21,34.0,114,4.36,7.31,1
TE,76.63,244,4.73,20,32.6,114,4.44,7.31,0
QB,73.5,212,4.52,19,36.0,125,4.13,7.31,1
DT,73.75,299,4.98,28,31.0,114,4.64,7.3,0
QB,75.88,221,5.2,20,25.5,101,4.78,7.64,0
RB,71.0,218,4.42,18,36.0,123,4.4,7.14,0
CB,70.0,202,4.54,17,40.0,127,3.95,6.72,0
RB,69.63,198,4.4,21,40.0,130,4.46,7.31,0
QB,72.6,241,4.87,18,31.5,105,4.76,7.31,0
QB,76.25,225,4.91,19,27.0,113,4.51,7.26,0
OT,75.4,306,5.19,18,27.0,106,4.63,7.31,1
WR,74.88,216,4.48,21,36.5,122,4.17,6.71,1
QB,73.5,199,4.83,15,34.0,116,4.13,7.31,1
RB,68.9,213,4.73,18,33.0,115,4.14,7.4,1
WR,71.9,199,4.51,21,33.5,110,4.31,7.2,0
S,72.8,205,4.36,15,35.5,117,4.29,7.31,1
WR,72.5,226,4.49,19,36.5,120,4.25,7.0,1
LB,73.4,238,4.76,23,31.5,110,4.28,7.33,1
QB,73.88,213,4.63,20,30.0,111,4.49,7.36,0
OT,77.5,306,4.78,20,32.6,115,4.43,7.31,0
TE,78.13,259,4.83,19,34.5,113,4.37,7.24,1
S,72.1,209,4.66,24,33.5,111,4.33,7.31,0
OG,75.5,306,5.23,28,26.0,98,5.02,7.83,1
DT,75.5,244,4.95,22,32.0,114,4.21,7.31,1
OG,74.75,326,5.25,38,26.5,93,4.8,8.3,0
S,74.4,201,4.5,9,36.5,130,4.18,7.09,1
RB,69.5,216,4.34,27,40.0,117,4.29,6.99,1
TE,74.75,248,4.62,22,38.0,127,4.18,7.43,0
RB,70.38,201,4.48,17,39.5,130,4.31,7.07,0
DE,74.1,239,4.73,23,29.5,110,4.35,7.31,0
CB,72.25,197,4.61,14,33.0,124,4.23,7.09,1
CB,71.38,192,4.47,19,34.0,119,3.9,6.76,1
OG,77.8,277,5.03,21,29.0,109,4.66,7.31,0
WR,72.3,194,4.6,21,33.5,119,4.39,7.31,0
DT,75.5,294,4.94,35,32.5,115,4.2,7.23,0
QB,75.88,232,4.86,21,32.5,108,4.29,7.47,0
WR,74.9,213,4.65,20,33.0,120,4.26,7.31,1
DE,75.6,285,5.11,23,33.5,122,4.34,7.31,1
WR,75.63,211,4.48,18,34.5,126,4.21,6.91,1
RB,66.38,179,4.42,11,31.5,118,4.27,7.22,1
CB,70.75,184,4.3,15,39.0,133,4.19,6.79,1
CB,68.6,176,4.41,21,37.0,122,3.95,6.84,1
RB,74.6,232,4.94,18,32.5,111,4.52,7.31,1
C,76.25,302,5.11,29,33.0,112,4.49,7.5,1
WR,73.4,194,4.44,21,37.0,118,4.36,7.31,0
DT,73.75,301,5.4,40,32.5,104,4.45,8.0,0
S,72.25,212,4.55,21,34.5,116,4.16,7.35,0
QB,77.3,230,4.88,20,31.9,112,4.35,7.31,1
QB,73.0,222,4.59,20,35.0,125,4.46,7.31,1
DT,72.13,299,4.96,26,29.0,112,4.64,7.21,0
CB,69.75,189,4.59,14,30.0,117,4.08,6.72,1
C,74.4,299,5.21,22,25.5,100,4.54,7.85,1
OT,75.5,279,5.55,10,24.5,92,4.66,7.31,0
QB,75.88,221,4.65,21,33.1,115,4.38,7.31,1
RB,71.63,213,4.37,21,34.5,130,4.18,7.28,1
OG,77.0,325,4.79,35,26.5,105,4.62,7.65,1
QB,74.6,234,4.89,18,30.5,109,4.29,7.31,0
WR,73.5,208,4.59,20,31.5,117,4.42,7.31,0
DE,73.5,266,4.74,29,38.5,117,4.42,7.31,1
DE,76.1,274,5.12,26,29.0,105,4.49,7.68,0
C,74.75,299,4.98,34,26.0,104,4.34,7.5,1
WR,72.13,209,4.59,21,34.5,114,4.55,7.34,0
LB,75.38,236,4.64,21,38.5,119,4.28,6.9,1
QB,73.88,235,4.72,21,33.0,116,4.28,6.97,0
LB,73.3,249,4.9,18,29.0,113,4.38,7.31,0
OT,79.0,334,5.17,28,30.5,112,4.83,8.23,1
S,71.1,209,4.6,21,35.0,118,4.22,7.18,0
RB,70.25,219,4.59,23,33.0,115,4.19,7.03,0
LB,75.13,247,4.6,24,35.0,123,4.16,7.07,0
TE,75.9,246,4.73,28,33.5,120,4.2,7.31,0
RB,73.0,238,4.81,30,34.0,119,4.32,7.28,0
QB,75.25,226,4.81,23,34.0,114,4.26,7.1,1
OT,76.75,305,5.35,30,26.0,108,4.82,8.03,0
TE,76.0,252,5.02,16,32.0,113,4.31,7.4,0
OG,76.75,333,5.22,39,30.5,103,4.94,7.66,1
QB,74.3,224,4.7,22,33.0,116,4.33,7.31,0
CB,72.75,202,4.5,10,38.0,131,4.22,6.82,1
QB,73.8,197,4.86,15,25.0,105,4.52,7.31,0
C,76.5,301,5.08,20,32.6,114,4.44,7.31,0
OT,76.9,306,5.32,24,22.5,101,4.71,7.31,1
TE,78.0,241,4.82,18,30.1,109,4.48,7.31,1
OT,80.25,311,4.94,29,31.5,117,4.4,6.96,0
CB,70.38,193,4.3,15,36.5,125,4.25,6.67,0
LB,74.25,265,4.62,21,32.0,117,4.64,7.55,1
OT,78.0,307,5.06,27,33.5,107,4.77,7.62,0
LB,74.0,247,4.98,17,32.0,113,4.39,7.27,0
C,75.38,293,5.27,23,21.0,98,4.58,7.4,0
WR,74.0,225,4.52,14,38.0,133,4.46,7.1,1
LB,73.0,228,4.51,16,35.5,121,4.28,6.84,0
WR,71.8,176,4.63,20,33.5,120,4.38,7.31,0
QB,76.75,228,4.94,21,30.4,115,4.51,7.4,1
QB,75.13,225,4.93,21,32.0,110,4.37,6.96,0
RB,72.8,232,4.45,22,35.5,123,4.39,7.31,0
DT,75.0,299,5.0,26,32.0,111,4.46,8.09,0
OT,78.0,358,4.86,18,31.6,113,4.38,7.31,1
OT,77.88,306,4.78,27,32.0,112,4.4,7.09,1
DE,76.38,253,5.08,21,26.5,104,4.58,7.12,0
OG,77.1,314,5.3,28,28.0,106,4.53,7.31,0
K,74.88,232,5.04,15,30.5,117,4.52,7.31,0
OG,76.0,299,5.38,22,29.5,102,4.73,7.9,0
RB,72.38,211,4.48,21,30.0,117,4.51,7.31,0
RB,72.63,231,4.4,24,33.0,112,4.2,6.69,0
OG,76.38,310,5.28,27,33.6,113,4.43,7.31,1
WR,69.6,187,4.55,19,31.5,115,4.44,7.31,1
K,76.5,220,4.83,13,28.0,105,4.31,7.31,1
DE,76.0,307,5.03,15,31.0,112,4.44,7.21,0
RB,73.1,222,4.41,20,37.5,112,4.37,7.31,1
OT,77.0,307,5.08,29,29.0,109,4.68,7.47,1
QB,74.3,193,4.58,7,32.5,110,4.11,7.31,1
RB,69.9,206,4.69,18,35.5,117,4.41,7.31,0
TE,75.6,236,4.86,18,29.0,103,4.2,7.31,1
DT,73.1,274,5.3,18,28.0,105,4.63,7.31,0
RB,71.63,248,4.67,31,33.0,115,4.42,7.31,0
RB,66.6,180,4.53,15,32.5,112,4.37,7.31,0
OT,78.63,320,5.28,19,29.0,96,4.5,7.72,1
RB,70.5,222,4.95,21,32.0,109,4.2,7.31,0
DT,74.0,281,5.22,22,30.7,97,4.44,7.31,1
TE,77.4,248,4.88,15,31.0,119,4.47,7.76,1
LB,73.13,228,4.5,24,33.0,113,4.45,7.31,0
RB,71.6,224,4.79,16,33.5,113,4.16,7.31,1
CB,72.4,195,4.72,17,35.5,117,4.44,7.31,0
WR,73.88,209,4.71,21,36.5,126,4.38,7.31,0
K,73.38,225,4.8,14,32.9,114,4.42,7.31,1
OG,75.63,310,4.79,21,30.4,115,4.43,7.31,0
TE,77.25,261,4.66,20,35.0,113,4.53,7.07,1
WR,65.88,165,4.37,15,36.5,117,4.03,7.03,1
RB,67.0,195,4.53,17,43.0,126,4.16,7.31,0
K,72.88,220,4.78,22,33.0,113,4.45,7.31,1
CB,69.4,194,4.32,22,35.0,129,3.96,6.89,0
CB,72.0,173,4.42,7,32.5,117,4.34,7.31,1
DE,78.5,320,4.96,30,31.5,104,4.54,7.31,0
DE,77.1,261,4.89,18,30.8,111,4.47,7.31,0
LB,73.38,220,4.68,25,29.5,109,4.39,7.09,0
WR,74.8,210,4.4,22,39.5,124,4.05,6.86,1
LB,76.0,243,4.65,21,34.0,120,4.28,6.9,1
OG,76.13,307,5.14,21,30.0,95,4.44,7.52,1
DT,76.63,318,5.21,26,31.5,108,4.86,7.75,1
DE,77.38,305,4.78,22,33.0,113,4.45,7.31,0
K,70.0,165,4.79,20,32.3,115,4.46,7.31,0
DE,74.75,273,4.69,30,35.0,126,4.58,6.95,0
OG,76.88,316,5.32,34,29.5,98,4.56,7.3,1
C,74.5,303,5.06,28,27.5,110,4.87,7.72,0
LB,72.88,234,4.67,25,35.0,123,4.32,6.89,1
LB,74.13,231,4.59,17,37.5,113,4.53,7.04,1
LB,75.25,242,4.58,27,38.0,123,4.12,6.92,1
OT,79.88,345,5.85,14,19.5,82,5.38,7.87,0
TE,77.63,256,4.83,23,29.5,117,4.45,7.12,0
RB,69.0,209,4.46,19,33.0,112,4.08,6.9,0
K,76.6,251,4.95,17,30.7,111,4.44,7.31,0
CB,70.88,183,4.32,16,39.0,136,4.46,7.31,1
DT,78.1,321,5.13,21,30.0,110,4.72,8.07,1
RB,68.25,187,4.6,13,32.5,117,4.32,7.31,0
QB,72.3,197,4.82,17,37.0,118,4.1,7.31,0
S,72.4,219,4.53,13,30.5,111,4.33,7.31,1
S,72.8,202,4.47,22,38.5,123,4.15,7.08,1
S,69.9,204,4.6,14,36.0,116,4.01,6.93,1
K,73.0,237,4.79,20,32.6,115,4.46,7.31,0
RB,66.75,196,4.48,21,32.5,118,4.53,7.13,0
TE,78.0,254,4.91,20,31.0,115,4.29,7.31,1
WR,69.0,183,4.38,17,28.5,116,4.41,7.31,0
OG,74.8,325,5.21,19,25.5,103,5.11,7.31,1
OG,74.38,300,5.09,37,35.5,117,4.41,7.34,0
OT,78.9,334,4.89,19,31.8,111,4.39,7.31,1
WR,72.0,193,4.39,16,30.1,109,4.48,7.31,1
LB,74.5,240,4.81,21,35.0,111,4.54,6.93,0
K,74.8,231,4.9,19,30.7,111,4.47,7.31,1
OT,77.0,307,5.12,26,31.0,104,4.64,7.87,1
CB,71.8,177,4.62,5,34.0,121,4.53,7.31,0
LB,74.13,251,4.65,20,32.0,119,4.27,7.05,0
WR,71.6,210,4.33,20,45.0,134,4.0,7.31,1
LB,75.13,238,4.73,17,29.5,114,4.32,7.11,1
QB,73.1,212,5.06,17,29.5,110,4.58,7.31,0
RB,70.1,198,4.59,17,32.0,117,4.01,7.31,1
WR,74.88,211,4.45,22,38.0,112,4.02,6.83,1
WR,72.4,207,4.6,18,38.5,122,4.37,7.31,1
OT,76.5,293,5.12,23,29.0,106,4.5,7.31,0
LB,72.75,227,4.55,24,36.0,121,4.2,7.14,1
LB,74.5,242,4.8,16,33.5,117,4.22,7.0,1
CB,69.75,193,4.46,14,35.5,120,4.28,6.92,1
TE,75.13,234,4.42,19,36.0,125,4.23,6.92,1
DE,74.4,269,4.75,25,34.0,111,4.54,7.49,1
LB,75.75,237,4.71,21,36.5,125,4.28,6.91,0
OT,76.9,301,5.09,19,30.5,108,4.73,8.23,1
WR,71.5,174,4.47,15,33.5,116,4.16,7.31,0
C,75.0,293,5.17,20,32.6,114,4.44,7.31,0
TE,77.13,245,4.88,21,32.5,109,4.09,6.99,0
RB,69.3,207,4.44,13,39.5,130,4.37,7.31,1
WR,72.75,203,4.47,17,40.0,124,4.14,7.02,0
CB,69.4,185,4.68,14,34.5,118,4.46,7.22,1
LB,71.4,251,4.84,19,31.5,116,4.49,7.74,0
RB,72.1,235,4.69,17,28.0,112,4.49,7.7,0
DE,76.63,234,4.72,19,38.0,123,4.12,7.09,0
RB,71.0,248,4.86,18,31.6,113,4.38,7.31,1
OT,75.9,296,5.15,24,32.5,114,4.71,7.6,1
LB,75.8,231,4.74,16,34.5,113,4.25,7.31,0
OT,76.75,306,4.71,31,34.5,112,4.72,7.62,1
DE,73.38,265,4.98,23,29.5,108,4.43,7.31,0
OT,76.88,323,5.28,26,23.5,97,5.0,8.24,0
C,77.63,333,4.77,20,33.3,106,4.45,7.31,1
RB,70.63,196,4.27,18,36.0,126,4.43,7.31,1
CB,71.5,204,4.38,16,38.0,125,4.08,6.56,1
OT,76.25,302,4.97,22,32.0,113,4.44,7.37,1
C,75.63,312,5.58,21,28.5,97,4.76,7.81,1
CB,71.13,190,4.42,21,38.5,126,4.03,6.84,0
QB,73.6,208,4.96,21,32.4,100,4.34,7.46,1
CB,73.0,193,4.49,16,38.0,124,4.09,7.03,0
QB,76.5,218,5.02,17,29.5,110,4.29,7.31,1
DT,76.13,338,5.18,37,31.5,110,4.65,7.95,1
WR,70.75,188,4.59,20,34.0,118,4.46,7.14,0
CB,71.0,187,4.52,11,36.0,121,4.01,7.31,0
RB,70.8,196,4.88,17,31.9,112,4.35,7.31,0
RB,71.0,260,4.74,20,32.6,114,4.44,7.31,0
CB,69.9,186,4.51,21,34.5,116,4.09,7.1,1
C,75.63,314,4.74,20,33.5,116,4.46,7.31,1
TE,76.13,267,4.69,31,33.5,119,4.53,7.08,0
DT,75.75,297,5.03,27,23.5,101,4.7,7.6,0
RB,71.25,202,4.48,10,37.5,121,4.22,6.57,1
CB,69.3,188,4.43,18,33.5,119,4.3,7.31,1
OG,75.4,295,5.29,25,33.5,105,4.33,7.31,0
TE,75.9,248,4.89,23,33.0,107,4.2,7.17,0
WR,70.6,181,4.38,14,32.0,111,4.2,7.31,1
CB,69.5,189,4.38,19,39.0,127,4.0,6.69,1
TE,73.5,226,4.86,18,29.5,107,4.35,7.31,0
S,70.5,211,4.56,19,34.0,121,4.12,7.0,1
DE,76.0,281,4.82,21,35.0,117,4.65,7.25,1
DT,75.0,337,5.1,23,31.5,106,4.68,7.8,0
LB,73.38,244,4.76,22,33.5,111,4.3,7.11,1
RB,70.6,216,4.81,10,28.7,109,4.45,7.31,0
CB,72.5,190,4.38,15,36.0,123,3.94,6.61,1
TE,73.8,257,4.92,23,30.0,108,4.6,7.31,0
TE,75.9,252,4.97,20,29.0,111,4.32,8.16,0
WR,70.88,196,4.56,15,39.0,128,4.62,7.55,0
TE,73.3,225,4.72,19,33.5,110,4.18,7.31,1
CB,70.75,183,4.83,12,34.0,113,4.35,7.11,0
QB,73.5,214,5.03,17,26.0,105,4.48,7.31,0
OG,75.88,314,5.11,26,26.0,106,4.78,7.3,1
RB,74.0,228,4.43,22,39.5,127,4.12,6.84,0
CB,71.0,193,4.4,14,33.5,119,4.18,6.71,0
LB,72.5,261,4.68,32,34.0,117,4.14,7.62,1
WR,70.9,180,4.55,21,35.0,116,4.09,7.28,0
TE,76.5,255,4.93,20,27.5,108,4.46,7.31,0
LB,74.1,227,4.63,26,36.5,126,4.17,7.13,0
C,74.5,288,5.38,24,26.5,107,4.77,7.31,0
LB,75.0,246,4.53,35,41.0,130,4.15,6.91,1
C,74.6,297,5.31,27,28.5,101,4.46,8.24,1
OT,78.13,309,5.34,24,26.0,102,4.63,7.8,0
TE,74.9,213,4.57,18,36.5,121,4.44,7.31,0
S,73.5,213,4.54,19,32.5,119,4.32,7.21,0
DE,75.75,258,4.87,21,36.5,117,4.51,7.31,0
OG,75.75,307,5.34,32,26.5,106,4.7,8.15,0
LB,71.8,239,4.56,17,33.0,116,4.25,7.31,1
QB,70.13,207,4.79,19,32.6,115,4.46,7.31,1
DE,74.0,239,4.69,17,34.5,120,4.43,7.31,0
OG,77.13,331,5.24,27,27.5,92,4.93,7.85,1
LB,76.13,257,4.55,26,36.0,118,4.3,7.19,0
QB,78.13,233,4.86,21,34.1,112,4.29,7.31,0
OG,76.63,319,5.52,19,22.5,90,5.03,8.24,0
WR,71.75,197,4.45,22,38.0,120,4.19,6.68,1
OT,76.88,312,4.79,32,32.6,115,4.46,7.31,0
K,72.8,195,4.86,18,31.6,113,4.38,7.31,0
LB,73.13,246,4.8,22,32.0,109,4.46,7.17,1
TE,77.13,256,4.67,17,31.0,113,4.38,7.34,1
TE,78.25,260,4.53,15,38.5,120,4.45,6.9,1
DE,74.6,260,4.65,28,34.0,121,4.14,7.03,1
LB,72.75,227,4.75,20,30.0,107,4.55,7.21,0
RB,72.6,242,4.68,22,34.0,112,4.35,7.4,0
RB,71.8,230,4.88,17,34.5,124,4.35,7.31,0
S,71.75,202,4.64,18,37.0,119,4.3,7.15,0
S,73.5,177,4.77,18,36.0,117,4.15,7.31,1
K,66.5,170,4.79,21,30.4,115,4.43,7.31,0
S,71.0,197,4.84,13,36.0,121,4.3,7.2,0
WR,72.6,180,4.91,19,31.1,112,4.44,7.31,1
CB,72.5,188,4.95,7,30.7,111,4.44,7.31,1
CB,71.8,199,4.89,19,31.8,111,4.39,7.31,0
S,69.75,195,4.46,15,35.0,125,4.15,7.12,0
QB,74.88,230,4.85,21,30.0,115,4.55,7.13,0
DE,76.9,263,4.86,20,36.5,124,4.37,7.31,0
RB,69.5,202,4.61,14,35.5,120,4.43,7.71,0
LB,75.75,242,4.68,19,31.0,118,4.53,7.44,0
RB,68.0,176,4.89,19,31.8,111,4.39,7.31,1
OT,76.1,366,5.49,27,25.0,98,4.85,8.25,1
WR,72.88,193,4.36,16,30.0,116,4.4,7.07,0
CB,69.75,179,4.46,8,39.0,120,4.26,6.83,0
DE,77.6,274,4.91,19,31.1,112,4.44,7.31,1
CB,69.4,184,4.91,15,31.1,112,4.44,7.31,0
LB,74.0,230,4.85,25,31.4,110,4.44,7.31,0
LB,73.5,264,4.69,28,34.5,109,4.18,6.83,1
DT,77.75,310,5.03,26,24.5,106,4.62,7.44,1
CB,71.75,202,4.43,16,34.5,132,4.14,6.81,0
LB,75.9,258,4.61,27,34.0,122,4.18,6.94,1
DE,76.0,283,5.13,18,30.0,101,4.68,7.91,0
LB,75.88,252,4.65,23,34.0,114,4.41,7.29,0
RB,75.3,237,4.54,12,34.0,123,4.77,7.31,0
WR,70.88,195,4.4,15,36.0,120,4.15,6.77,1
S,71.38,202,4.46,20,33.5,122,4.46,7.31,0
QB,74.13,222,4.67,20,27.5,116,4.25,6.87,1
RB,73.0,248,4.81,21,34.1,112,4.29,7.31,0
CB,71.38,193,4.77,20,33.3,116,4.45,7.31,0
LB,72.25,237,4.76,19,32.9,111,4.42,7.31,1
RB,68.4,200,4.59,26,37.0,118,4.33,7.09,1
WR,72.0,198,4.45,20,36.0,112,4.37,7.31,1
LB,76.9,262,4.58,21,37.0,122,4.24,7.31,1
DE,74.88,261,4.73,30,32.5,112,4.43,7.14,1
TE,76.75,258,4.68,27,33.0,115,4.4,7.03,0
CB,72.38,188,4.65,11,33.5,132,4.25,7.26,0
LB,69.6,215,4.52,21,38.0,125,4.21,7.48,1
S,71.5,205,4.46,17,39.5,120,4.43,7.31,1
CB,72.75,195,4.55,14,41.0,135,4.18,6.77,0
CB,69.8,191,4.54,14,32.5,124,4.28,7.31,0
RB,70.88,209,4.58,21,31.0,114,4.51,7.31,0
LB,73.8,234,4.89,22,35.5,120,4.4,7.62,1
OG,76.0,273,5.31,21,27.5,104,4.45,7.31,1
RB,74.0,247,4.69,25,33.0,121,4.18,6.98,0
C,73.9,285,5.25,22,24.0,94,4.6,7.31,0
RB,72.8,259,4.83,25,33.5,109,4.37,7.79,0
CB,70.3,171,4.38,7,35.0,126,4.22,7.31,1
RB,74.0,212,4.64,17,33.5,118,4.18,7.31,1
C,76.5,304,5.25,25,27.0,95,4.92,7.74,1
RB,74.63,223,4.38,22,36.0,124,4.36,6.81,1
S,74.4,213,4.55,21,39.5,120,4.37,7.31,1
WR,68.25,175,4.35,14,39.0,124,4.0,6.69,0
OT,76.9,308,5.4,21,29.5,106,4.45,8.13,1
OT,79.5,308,5.34,25,24.5,103,4.73,7.31,1
CB,73.1,203,4.89,20,31.8,111,4.39,7.31,0
RB,73.5,217,4.41,22,38.5,127,4.4,7.09,1
CB,70.13,183,4.64,12,35.5,115,4.2,6.95,0
LB,72.3,228,4.66,24,26.0,111,4.5,7.31,1
RB,71.0,224,4.67,17,31.0,107,3.97,6.95,0
RB,69.63,202,4.6,18,31.5,118,4.45,7.0,0
DE,76.75,270,4.71,19,30.5,115,4.67,7.18,1
WR,74.3,206,4.95,17,30.7,111,4.44,7.31,1
QB,74.5,219,5.24,22,33.5,111,4.09,7.12,0
OT,77.5,333,5.22,32,26.5,104,4.87,7.91,1
DE,75.4,275,5.25,17,31.5,113,4.56,7.31,0
QB,74.13,214,4.79,20,30.0,112,4.2,7.17,1
S,73.38,221,4.53,13,33.0,124,4.3,7.08,0
WR,69.8,187,4.48,17,34.5,124,4.44,7.31,1
OT,78.75,335,5.38,23,27.5,100,4.83,7.82,0
DT,74.5,306,5.29,19,26.5,99,4.54,7.31,0
DT,75.25,303,5.12,32,30.0,106,4.68,7.38,0
TE,77.0,246,4.49,23,41.0,123,4.45,7.31,1
DT,75.6,275,5.44,25,29.5,106,4.34,7.31,0
WR,69.13,179,4.5,22,35.0,123,4.21,6.71,0
CB,69.6,185,4.5,11,34.5,115,4.06,7.05,0
DT,73.8,324,5.4,24,24.5,101,4.81,8.22,0
LB,74.5,207,4.84,18,33.5,115,4.03,7.31,1
TE,75.0,252,5.05,16,31.0,110,4.41,7.31,0
DT,74.5,295,4.68,29,32.6,113,4.33,7.31,1
C,76.0,324,5.53,23,28.0,102,4.56,7.79,0
QB,74.5,211,4.92,18,32.5,116,4.2,7.31,1
C,74.63,303,5.35,29,30.5,105,4.74,7.95,1
S,72.5,191,4.95,12,33.0,111,4.44,7.31,1
QB,74.4,206,5.07,19,27.5,107,4.38,7.31,0
WR,74.25,221,4.58,22,33.0,125,4.35,6.81,1
CB,70.9,187,4.45,17,43.0,135,4.18,7.31,0
LB,73.5,232,4.58,18,32.0,117,4.44,7.31,0
S,71.0,203,4.42,19,36.5,127,4.11,6.99,1
DE,76.1,276,4.91,19,31.1,112,4.44,7.31,0
CB,73.1,206,4.53,21,38.0,121,4.08,6.9,1
S,73.9,202,4.64,12,37.0,117,4.25,7.31,1
LB,71.25,232,5.01,22,26.0,105,4.62,7.38,0
DT,76.6,321,4.89,25,31.5,96,4.26,7.65,1
OT,76.0,284,5.05,22,27.0,100,4.81,7.31,1
DE,79.0,291,5.05,21,32.0,116,4.47,7.51,1
OT,77.0,270,5.28,19,30.1,109,4.48,7.31,1
DE,76.25,272,4.64,33,41.0,128,4.2,7.31,1
QB,77.1,232,4.81,18,31.5,112,4.5,7.31,1
WR,72.88,201,4.59,5,37.0,116,4.38,7.08,0
WR,70.0,179,4.34,8,36.5,117,4.12,6.91,0
DE,76.4,249,4.84,20,38.5,132,4.24,7.31,1
C,74.63,280,4.89,21,30.5,110,4.14,7.22,1
S,71.38,198,4.51,22,34.5,126,4.15,6.67,1
CB,72.38,196,4.45,15,40.5,126,3.82,6.48,1
OT,78.88,313,5.18,20,31.0,105,4.62,8.01,1
DE,75.5,263,4.73,29,37.0,121,4.18,6.91,0
LB,71.88,238,4.84,23,35.0,113,4.16,7.31,1
RB,72.3,224,4.67,18,35.5,121,4.33,7.31,0
OG,74.63,310,4.93,25,27.5,102,4.77,8.16,1
RB,76.3,253,4.83,21,37.5,114,4.3,6.72,0
K,75.63,208,4.86,21,33.1,115,4.38,7.31,1
WR,74.13,215,4.5,21,40.5,123,4.14,7.09,1
OT,80.5,355,5.29,20,23.5,97,4.78,8.23,1
QB,76.0,219,5.03,20,32.5,111,4.46,7.31,0
OT,74.5,290,5.5,18,23.0,91,4.84,7.31,0
CB,69.75,186,4.42,20,36.0,122,4.46,6.63,0
WR,73.88,216,4.42,20,37.0,128,4.4,7.28,1
QB,73.4,190,4.74,15,30.5,117,4.35,7.31,1
LB,73.13,245,4.62,35,35.5,121,4.28,6.93,0
RB,73.8,225,4.61,14,36.5,114,4.41,7.31,1
DT,73.0,281,4.91,19,31.1,112,4.44,7.31,1
DE,76.13,281,5.0,24,32.0,112,4.36,7.34,0
RB,69.1,223,4.61,23,35.5,112,4.37,7.31,1
RB,73.0,215,4.53,24,34.0,120,4.62,7.26,0
CB,69.88,188,4.34,14,44.0,128,4.34,6.95,1
S,71.6,210,4.56,28,33.5,112,4.33,7.31,1
DT,77.38,295,5.0,21,31.0,108,4.53,7.13,0
C,74.0,310,5.31,22,28.0,111,4.74,7.31,1
LB,73.4,224,4.71,17,31.0,111,4.45,7.31,0
OT,81.63,328,5.3,19,34.0,114,4.36,7.31,0
WR,71.0,224,4.68,13,32.5,119,4.21,7.18,0
WR,71.0,192,4.46,16,30.4,115,4.43,7.31,0
DE,76.88,264,4.74,20,33.5,116,4.46,7.31,1
TE,76.4,215,4.91,19,31.1,112,4.44,7.31,0
DT,76.3,303,4.9,16,31.0,110,4.41,7.31,1
RB,70.5,216,4.62,18,36.5,119,4.53,7.22,1
RB,70.5,237,4.49,22,31.0,114,4.15,7.5,1
LB,73.1,221,4.58,21,33.0,115,4.19,6.97,1
CB,72.1,191,4.46,32,32.5,120,4.55,7.44,0
DT,75.88,305,5.12,18,35.0,109,4.65,7.7,0
LB,72.5,230,4.77,19,37.0,116,4.36,7.05,1
LB,74.13,241,4.63,21,32.0,121,4.27,7.07,0
CB,70.38,190,4.57,11,35.5,116,4.41,7.41,0
RB,72.1,242,4.86,20,32.5,117,4.47,7.31,0
K,72.88,209,4.78,20,32.6,115,4.43,7.31,0
QB,72.6,206,4.95,18,29.5,104,4.51,7.31,0
DE,78.0,265,4.76,13,33.0,120,4.34,7.11,1
LB,74.38,233,4.56,18,34.0,118,4.29,6.95,0
CB,74.63,195,4.54,16,38.0,125,4.33,6.82,1
C,75.0,273,5.1,20,25.5,100,4.79,7.31,1
C,75.0,314,4.99,31,26.5,108,4.74,7.31,0
WR,71.0,181,4.68,2,30.0,123,4.2,6.77,0
CB,74.0,208,4.42,18,39.0,131,4.45,7.31,1
QB,73.5,238,4.84,22,31.0,115,4.33,7.31,0
K,74.9,226,4.89,19,31.8,111,4.39,7.31,0
WR,70.13,180,4.48,20,33.0,122,4.21,6.86,0
K,73.5,213,4.95,17,30.7,111,4.44,7.31,0
QB,73.9,235,4.83,22,33.5,110,4.26,7.35,1
C,74.0,300,5.27,31,29.0,100,4.69,8.01,0
CB,73.75,197,4.49,9,39.0,139,4.36,6.9,1
LB,75.88,245,4.71,21,34.0,121,4.51,7.31,0
C,78.1,316,5.51,16,26.0,106,5.1,7.31,0
RB,68.0,204,4.55,21,31.5,119,4.51,7.31,0
RB,71.0,220,4.55,20,33.5,115,4.43,7.33,1
S,68.0,177,4.56,11,28.7,109,4.45,7.31,1
WR,69.88,194,4.77,12,31.5,118,4.27,6.97,0
S,74.38,202,4.61,16,40.0,126,3.85,6.58,1
DT,77.8,282,5.01,17,29.5,110,4.61,7.93,1
RB,74.63,247,4.54,22,37.0,130,4.38,7.2,1
DT,78.3,305,4.89,15,29.0,107,4.45,7.31,1
RB,72.1,220,4.41,23,35.5,116,4.22,7.31,1
OG,75.5,303,5.3,35,31.0,107,4.72,7.75,0
TE,74.5,236,4.72,16,32.6,115,4.43,7.31,1
CB,70.5,183,4.59,10,39.0,129,4.19,7.31,0
QB,75.63,221,4.74,20,33.5,116,4.46,7.31,1
DE,77.38,280,4.92,15,36.5,115,4.36,7.48,0
S,71.75,197,4.55,17,38.5,124,4.07,6.77,0
OG,74.63,311,5.13,24,32.0,111,4.97,7.74,1
WR,69.9,184,4.95,17,30.7,111,4.44,7.31,1
LB,73.9,224,4.71,18,33.0,116,4.56,7.31,0
DE,75.9,257,4.86,17,33.5,110,4.52,7.31,0
DT,71.25,322,4.78,21,34.0,114,4.36,7.31,0
TE,74.9,253,5.11,12,28.0,102,4.49,7.31,0
K,74.38,211,4.81,21,34.1,112,4.29,7.31,1
WR,72.0,195,4.46,11,35.0,115,4.32,7.03,1
WR,71.5,185,4.29,22,35.0,122,4.15,6.81,1
S,70.6,203,4.59,14,34.3,112,4.37,7.31,0
WR,73.0,214,4.57,15,36.0,115,4.5,6.83,1
CB,73.0,186,4.54,20,32.6,114,4.44,7.31,0
CB,72.13,204,4.46,14,33.0,121,4.13,6.73,1
CB,70.25,202,4.43,21,32.0,113,4.43,7.31,1
RB,72.0,233,4.83,17,32.0,115,4.12,7.31,0
DE,75.0,280,5.14,26,36.0,114,4.43,7.58,0
DT,74.1,319,5.31,21,31.5,106,4.9,7.31,0
CB,71.0,210,4.53,17,33.5,117,4.18,6.95,0
WR,68.9,183,4.48,20,31.5,114,4.0,7.46,0
RB,70.5,226,4.61,20,35.0,112,4.35,7.0,0
QB,74.1,204,4.9,21,31.0,103,4.56,7.66,0
CB,70.0,178,4.53,21,36.0,120,4.09,6.91,0
DE,76.63,262,4.6,18,38.5,128,4.48,7.53,0
S,73.0,206,4.55,22,34.5,121,4.27,6.72,0
WR,71.75,192,4.49,16,40.0,131,4.17,6.87,0
OG,74.4,270,5.01,29,29.0,101,4.53,7.31,1
OG,76.3,310,5.52,25,24.5,99,4.8,8.42,0
TE,76.5,243,4.95,15,28.0,109,4.56,7.31,1
WR,73.25,194,4.58,13,30.5,124,4.28,7.22,0
OG,76.9,367,5.72,31,25.0,95,4.89,8.21,0
DT,72.63,300,5.04,26,27.5,101,4.78,7.51,1
S,72.1,218,4.66,22,35.0,113,4.39,7.31,1
QB,74.0,215,4.83,21,29.5,106,4.27,6.93,1
TE,78.38,261,4.84,23,37.0,118,4.82,7.24,1
LB,75.3,252,4.7,21,35.0,118,4.49,6.91,1
DE,75.9,283,5.27,22,31.0,108,4.7,7.31,1
CB,72.88,187,4.54,4,36.0,126,4.32,7.17,0
OG,75.88,307,4.98,30,30.5,108,4.47,7.33,1
RB,71.8,240,4.58,23,32.4,112,4.39,7.31,1
RB,71.63,209,4.6,16,35.5,116,4.41,7.31,0
LB,73.0,253,4.69,25,37.0,117,4.24,7.32,0
QB,78.25,237,5.12,20,27.0,101,4.6,7.56,0
CB,70.25,192,4.38,14,35.0,127,3.98,6.71,1
C,75.88,315,5.44,21,26.0,97,5.02,7.9,0
RB,70.38,198,4.5,17,29.0,107,4.18,6.82,1
S,71.75,202,4.48,16,36.0,120,4.1,6.6,1
WR,67.9,196,4.88,20,31.9,112,4.35,7.31,0
RB,71.0,197,4.3,21,35.0,130,4.43,7.31,1
CB,71.75,197,4.56,12,33.0,121,4.2,6.78,1
CB,71.0,173,4.82,6,30.1,109,4.48,7.31,0
RB,70.5,223,4.53,28,35.0,115,4.62,6.93,0
WR,70.25,191,4.52,13,42.5,129,4.41,7.1,0
TE,76.0,257,4.92,20,35.0,119,4.46,7.31,0
QB,76.9,241,4.75,22,32.6,113,4.33,7.31,1
OT,78.5,289,5.69,11,19.5,87,4.73,7.31,0
LB,76.0,242,4.88,20,30.5,110,4.38,7.49,0
LB,74.0,226,4.61,25,37.5,126,4.26,7.31,1
WR,72.88,190,4.56,8,33.5,115,3.94,6.42,0
RB,74.4,214,4.55,19,32.8,112,4.39,7.31,1
WR,75.3,220,4.89,20,31.5,125,4.25,7.31,1
OT,76.88,304,5.3,32,26.5,108,4.62,7.23,0
WR,70.5,200,4.39,20,35.5,123,4.2,7.13,1
OT,76.5,316,5.25,20,27.0,95,4.8,7.98,1
QB,74.13,212,4.78,20,30.5,112,4.28,6.98,0
QB,74.0,223,4.75,21,34.5,110,4.32,7.38,1
QB,73.25,213,4.79,20,31.5,103,4.15,6.94,0
OG,74.3,304,5.21,18,26.0,103,4.6,7.31,1
OG,78.0,310,5.26,22,28.0,96,4.97,8.1,1
TE,74.0,240,4.6,20,35.0,114,4.34,7.31,0
C,75.0,297,5.12,20,32.6,114,4.74,7.85,0
TE,76.4,246,4.65,18,35.5,122,4.09,7.48,1
K,69.8,206,4.91,19,31.1,112,4.44,7.31,1
S,73.9,212,4.9,18,31.0,110,4.41,7.31,0
S,72.5,185,4.73,11,28.5,112,4.2,7.31,0
DT,75.5,293,5.24,23,25.0,95,4.65,7.59,0
DT,75.1,288,4.9,24,26.5,93,4.72,8.36,1
LB,74.5,231,4.89,20,30.5,109,4.29,7.31,0
DE,78.9,257,4.93,16,34.5,115,4.31,7.34,0
WR,75.5,200,4.53,22,39.5,119,4.34,7.09,1
LB,70.75,236,4.78,27,32.0,113,4.44,7.31,1
OT,77.9,339,5.86,17,22.5,81,5.09,7.31,0
DT,73.8,268,4.95,18,27.0,98,4.67,7.31,1
K,73.63,221,5.08,20,32.6,114,4.44,7.31,0
S,71.0,213,4.53,12,37.0,122,4.32,6.89,1
WR,75.38,228,4.33,27,40.5,134,4.5,7.38,1
LB,75.0,244,4.47,21,38.0,119,4.13,7.33,1
CB,70.5,173,4.61,20,37.5,121,4.33,7.31,0
LB,73.13,237,4.58,25,42.0,128,4.21,6.91,1
WR,74.75,212,4.57,18,35.0,126,4.13,6.8,1
CB,70.75,193,4.44,21,32.5,118,4.51,7.31,0
DT,74.88,299,5.08,29,27.0,100,4.65,7.55,1
CB,75.5,221,4.67,13,36.5,120,4.24,7.2,1
DE,77.3,281,4.87,26,35.5,118,4.48,8.03,1
DT,75.63,296,5.19,28,24.5,98,4.82,7.97,0
LB,73.13,229,4.53,22,36.5,126,4.15,6.93,0
WR,72.63,197,4.36,17,34.5,129,4.26,7.28,1
CB,67.9,164,4.58,13,32.5,115,4.1,7.31,0
WR,74.63,210,4.55,22,34.0,129,4.31,7.03,1
WR,68.4,171,4.91,19,31.1,112,4.44,7.31,0
QB,74.3,217,4.89,17,32.5,109,4.03,7.31,1
CB,70.5,192,4.46,18,28.5,116,4.34,7.31,0
K,74.38,208,4.79,20,32.3,115,4.46,7.31,1
QB,74.0,217,4.9,18,31.0,110,4.41,7.31,1
OG,75.25,314,5.18,23,32.5,99,4.78,7.88,0
C,74.5,263,4.93,18,37.5,113,4.46,7.28,0
LB,74.13,235,4.56,16,37.0,125,4.1,6.78,0
CB,71.8,184,4.28,21,37.0,121,3.79,7.31,1
OT,80.0,318,5.12,30,31.0,113,4.47,7.31,1
RB,69.75,212,4.7,18,37.0,122,4.41,7.31,0
DE,73.6,265,4.76,27,32.0,113,4.5,7.31,1
CB,69.8,201,4.46,15,41.5,126,4.29,7.31,1
CB,71.0,194,4.4,13,35.5,119,4.26,6.94,0
DE,75.4,237,4.88,18,31.9,112,4.35,7.31,1
LB,74.5,234,4.58,17,31.4,110,4.44,7.31,1
WR,68.75,172,4.53,20,37.5,118,4.06,6.73,1
OG,74.75,311,5.21,29,26.5,103,4.72,7.99,1
LB,74.1,248,4.99,22,33.0,113,4.33,7.4,0
S,69.5,207,4.5,20,36.5,120,4.33,6.96,0
QB,76.0,215,4.82,19,27.0,110,4.47,7.17,1
S,70.5,196,4.64,20,33.5,115,4.31,6.93,0
RB,66.13,187,4.49,23,33.0,102,3.96,6.96,1
CB,72.0,193,4.36,20,38.5,132,4.12,7.31,1
WR,72.13,194,4.48,21,34.5,121,4.51,7.31,0
WR,69.88,182,4.4,20,35.5,121,4.07,6.89,1
S,73.1,219,4.86,18,31.6,113,4.38,7.31,1
LB,72.5,225,4.56,23,36.5,124,4.51,7.31,0
OT,76.8,283,4.82,21,30.1,109,4.48,7.31,0
WR,71.1,182,4.48,13,30.1,109,4.48,7.31,1
RB,71.5,219,4.74,18,29.5,110,4.41,7.31,0
TE,77.0,235,5.03,13,30.5,105,4.16,7.31,1
DE,77.13,249,4.53,19,36.0,129,4.46,7.01,1
WR,74.63,220,4.6,20,39.0,126,4.0,7.0,1
DT,76.0,347,5.1,41,32.3,115,4.46,7.31,1
DT,75.4,275,4.9,22,31.0,110,4.41,7.31,0
DE,73.5,224,4.96,14,31.5,112,4.54,7.51,0
OG,74.8,314,5.1,29,30.5,104,4.66,7.75,1
OT,75.38,303,5.07,35,26.5,107,4.54,7.59,1
CB,70.13,189,4.52,11,32.0,116,4.12,6.7,1
DT,73.9,285,5.5,23,26.5,99,5.25,7.31,0
CB,70.25,182,4.71,17,34.5,118,4.51,7.31,0
CB,68.3,182,4.9,18,31.0,110,4.41,7.31,0
DT,74.0,275,5.11,22,24.0,100,4.64,7.31,0
WR,74.1,191,4.41,15,28.7,109,4.45,7.31,1
RB,70.8,188,4.67,12,34.5,117,4.22,7.31,0
DE,75.6,278,4.88,20,35.5,119,4.38,7.42,0
LB,73.13,242,4.53,22,39.0,119,4.46,7.23,1
RB,72.3,268,4.81,18,31.5,105,4.7,8.06,0
WR,73.25,207,4.46,18,41.0,126,4.01,7.12,1
S,71.25,195,4.5,19,33.5,123,4.19,7.03,1
RB,69.13,203,4.77,20,33.3,127,4.45,7.31,0
LB,71.0,233,4.85,20,28.5,104,4.24,7.31,1
CB,73.75,206,4.62,11,31.0,116,4.53,7.2,0
DT,75.4,314,5.03,27,29.5,102,4.33,7.31,1
CB,71.9,197,4.89,17,31.8,111,4.39,7.31,1
WR,75.75,214,4.58,16,33.5,119,4.28,7.11,0
TE,75.38,253,4.66,23,34.5,114,4.1,6.87,1
LB,72.1,227,4.91,18,28.5,104,4.16,7.31,0
DE,75.1,262,4.85,18,29.0,108,4.48,7.31,0
DE,75.0,266,4.77,21,34.0,112,4.43,7.12,0
CB,69.3,193,4.5,10,36.0,127,4.0,7.31,1
WR,73.1,199,4.88,20,31.9,112,4.35,7.31,0
QB,72.0,210,4.33,20,38.0,112,4.37,7.31,1
K,71.5,228,4.78,22,33.0,113,4.45,7.31,1
CB,71.13,196,4.75,13,32.5,108,4.22,7.11,0
OT,78.13,309,5.18,24,31.0,108,4.73,7.07,1
C,76.63,309,5.26,22,24.5,93,4.5,7.39,1
OG,76.6,322,5.47,20,26.0,94,4.71,8.66,1
LB,73.75,238,4.91,27,28.5,113,4.55,7.68,0
DE,76.9,288,4.77,18,31.5,112,4.61,7.31,0
TE,75.4,257,4.65,22,37.5,123,4.39,7.31,1
OG,76.0,316,5.15,30,26.5,113,4.42,7.31,1
LB,76.25,252,4.69,21,37.0,128,4.78,6.79,1
OG,75.1,301,5.36,25,29.0,96,4.51,8.04,0
S,70.5,185,4.65,16,31.5,109,4.56,7.31,0
S,72.9,200,4.61,17,36.5,121,4.23,7.31,0
K,69.6,187,4.82,7,30.1,109,4.48,7.31,0
DE,75.0,255,4.89,24,37.5,118,4.68,7.56,0
WR,72.4,196,4.58,21,36.0,117,4.11,7.16,0
C,75.6,385,5.35,22,29.0,108,4.57,7.31,1
CB,73.1,200,4.67,8,37.0,122,4.35,7.31,1
TE,74.3,247,5.18,14,27.0,103,4.39,7.31,1
CB,74.13,208,4.5,18,38.0,132,4.36,7.31,1
DE,77.25,266,4.53,21,37.5,123,4.43,7.27,1
S,71.4,204,4.79,19,32.0,112,4.43,7.31,0
WR,71.5,202,4.82,16,30.1,109,4.48,7.31,1
K,71.1,192,4.86,18,31.6,113,4.38,7.31,1
DE,76.75,284,4.85,25,28.0,105,4.41,7.38,1
C,75.5,295,5.2,27,34.0,108,4.55,7.72,1
WR,71.75,183,4.38,21,36.0,123,4.36,7.31,0
TE,74.88,247,4.89,24,34.1,112,4.29,7.31,0
QB,74.0,230,5.01,22,30.0,105,4.2,7.11,1
TE,77.0,249,4.76,24,30.5,111,4.47,7.08,1
S,71.0,199,4.7,7,28.0,114,4.1,7.31,0
CB,76.13,205,4.26,21,42.0,118,4.51,7.31,1
LB,74.88,253,4.63,27,32.5,117,4.51,6.9,1
RB,68.0,194,4.62,26,26.5,112,4.46,6.96,1
LB,72.88,231,4.7,20,36.5,130,4.32,7.09,0
TE,73.88,250,4.74,20,33.5,116,4.46,7.31,0
OT,79.88,314,5.38,20,27.0,102,4.87,7.87,0
TE,76.38,254,4.59,16,34.5,122,4.27,7.12,1
LB,74.4,230,4.69,22,30.0,113,4.42,7.31,0
S,71.9,200,4.54,19,35.0,123,4.19,7.24,1
RB,73.38,232,4.77,20,33.3,117,4.45,7.31,1
QB,71.9,208,4.72,16,32.5,108,4.39,7.31,0
S,72.0,209,4.63,22,33.5,117,4.33,7.31,0
CB,73.38,193,4.33,21,36.5,127,3.9,6.63,0
WR,70.25,191,4.46,16,33.5,115,4.34,7.08,1
WR,69.6,177,4.45,18,31.0,114,4.21,7.31,0
LB,73.25,244,4.44,22,33.5,116,4.32,7.26,1
C,76.1,279,5.44,16,24.5,103,5.01,7.31,0
OT,76.88,320,4.85,24,36.5,121,4.68,7.65,1
CB,69.38,169,4.52,8,39.0,122,4.25,6.96,0
WR,71.25,204,4.49,20,34.0,124,4.21,7.31,0
RB,72.6,217,4.89,19,31.8,111,4.39,7.31,1
S,72.0,199,4.56,17,40.5,122,4.28,7.0,0
QB,73.8,220,4.9,22,34.0,110,4.14,7.06,0
DT,73.5,295,4.95,23,30.5,110,4.41,7.31,1
DE,77.0,278,5.07,14,30.5,103,4.56,7.31,1
OT,76.1,292,5.47,24,25.0,97,4.77,7.31,0
OG,76.75,310,5.43,20,25.5,100,5.38,8.4,0
OT,75.63,319,5.2,28,30.4,108,4.5,7.55,1
WR,72.63,197,4.52,19,38.0,118,4.24,6.79,0
DT,75.4,297,5.0,26,31.0,105,4.33,7.31,1
S,74.5,209,4.6,16,33.0,117,3.92,6.78,1
OG,77.25,308,5.33,26,28.5,97,4.88,7.86,0
WR,73.6,209,4.91,19,31.1,112,4.44,7.31,0
QB,76.4,221,4.95,19,31.0,109,4.47,7.97,0
WR,76.0,196,4.44,20,39.5,136,4.33,7.19,0
WR,74.75,211,4.56,8,36.0,124,4.46,7.31,0
DT,75.6,327,4.9,32,30.7,111,4.47,7.31,0
DE,74.25,270,4.81,21,29.0,115,4.51,7.31,0
DT,74.3,292,4.9,19,29.5,103,4.57,7.31,1
C,73.8,308,5.49,15,26.0,93,4.88,7.31,0
S,73.6,209,4.55,19,33.5,123,4.25,7.31,0
LB,72.38,241,4.46,24,39.5,132,4.28,7.1,1
TE,77.88,254,4.53,23,35.5,114,4.48,7.04,1
WR,72.1,184,4.61,22,36.0,112,4.39,7.31,1
K,73.75,210,4.79,21,30.4,115,4.43,7.31,0
DE,76.0,265,4.62,22,34.0,116,4.4,7.13,1
K,70.6,187,4.88,20,31.9,112,4.35,7.31,1
DE,73.63,272,4.76,22,27.0,109,4.6,7.32,0
OT,78.63,301,5.26,26,32.5,107,4.6,8.07,0
DE,77.38,290,4.91,34,37.0,120,4.21,6.88,0
DT,76.63,302,4.97,20,29.5,106,4.53,7.59,1
S,73.5,212,4.55,18,34.0,123,4.25,7.23,0
C,75.25,305,4.92,29,34.1,112,4.29,7.31,1
S,70.75,204,4.5,22,38.0,119,4.43,7.39,1
LB,74.0,234,4.73,17,26.0,110,4.5,7.25,0
WR,69.38,202,4.43,10,37.5,123,4.21,7.0,0
C,74.75,296,5.31,23,27.5,107,4.7,8.14,0
OT,77.0,324,5.28,20,23.0,97,4.47,7.31,1
RB,67.5,186,4.4,22,35.5,116,4.08,6.69,0
OT,76.75,309,5.14,22,32.5,111,4.54,7.68,0
OG,77.25,304,4.96,35,34.0,117,4.16,7.37,1
CB,71.6,197,4.48,16,31.0,114,4.01,7.31,1
S,74.13,202,4.63,15,37.0,127,4.32,7.13,1
DE,77.0,259,4.79,26,30.8,111,4.47,7.31,1
WR,71.38,197,4.42,20,32.6,114,4.44,7.31,0
K,72.63,224,4.78,21,34.0,114,4.36,7.31,0
DT,74.0,307,5.1,26,30.5,106,4.5,7.41,0
TE,76.13,251,4.63,28,37.5,131,4.25,6.77,1
S,70.63,195,4.44,11,33.0,121,4.4,7.31,1
CB,71.25,182,4.49,14,36.0,128,4.23,6.96,0
DE,76.1,254,4.76,19,34.0,118,4.2,7.64,1
DT,72.75,304,5.06,30,31.0,112,4.56,7.37,1
DT,73.3,314,5.25,34,34.3,112,4.37,7.31,1
DT,76.9,318,5.18,33,31.0,108,4.4,7.85,1
WR,71.6,195,4.88,20,30.5,110,4.09,7.09,1
QB,74.3,199,4.96,18,34.5,118,4.38,7.31,0
OG,78.0,327,5.37,20,30.0,103,4.76,7.58,0
RB,71.3,203,4.95,17,30.7,111,4.44,7.31,0
RB,74.6,238,4.89,20,30.8,111,4.47,7.31,1
DE,75.75,268,4.98,24,37.5,115,4.41,7.31,0
TE,77.6,253,4.87,15,30.5,110,4.41,7.31,0
WR,72.3,192,4.44,21,37.0,118,4.36,7.31,1
OG,76.25,304,4.91,33,33.0,112,4.45,7.48,1
C,74.6,270,4.9,19,30.7,111,4.47,7.31,1
LB,73.38,268,4.71,31,31.5,111,4.25,7.01,1
WR,68.13,185,4.29,13,40.5,129,4.06,6.53,1
WR,72.1,184,4.65,19,35.5,112,4.53,7.31,0
DE,77.0,279,4.93,26,33.5,106,4.51,7.28,1
LB,73.8,248,4.88,26,31.9,112,4.35,7.31,0
WR,70.1,181,4.42,20,34.5,127,4.35,7.31,0
CB,74.0,185,4.59,20,33.5,123,4.46,7.02,0
TE,76.63,251,4.7,17,37.5,123,4.18,7.02,1
WR,69.0,173,4.82,13,30.1,109,4.48,7.31,0
QB,74.5,221,4.95,20,29.5,105,4.48,7.54,0
K,74.25,185,4.77,20,32.7,114,4.41,7.31,1
DE,74.63,286,5.0,21,30.0,108,4.44,7.49,1
S,73.8,196,4.61,9,35.5,111,4.21,7.31,0
OG,75.3,318,5.04,22,33.5,111,4.33,7.31,1
LB,76.63,250,4.61,26,34.5,122,4.22,6.89,1
WR,72.88,212,4.39,13,37.5,125,4.09,6.9,0
WR,67.4,172,4.47,20,33.5,124,4.3,7.31,1
CB,73.38,205,4.74,20,33.5,116,4.46,7.31,1
OG,74.1,290,4.9,19,31.0,110,4.41,7.31,0
LB,73.38,226,4.79,21,30.4,115,4.43,7.31,0
S,73.0,230,4.64,21,36.5,115,3.97,7.09,1
LB,74.5,244,4.97,15,31.0,118,4.56,7.19,0
DE,74.63,275,5.01,19,31.5,107,4.58,7.4,0
TE,77.8,264,4.65,25,31.0,112,4.39,7.31,1
TE,75.75,247,4.52,18,35.0,132,4.59,7.0,1
WR,71.0,189,4.45,20,37.0,120,4.02,6.8,0
CB,70.5,199,4.49,24,33.5,118,4.18,6.85,0
DE,78.0,237,4.88,18,33.0,118,4.31,7.31,1
WR,75.5,205,4.9,18,31.0,110,4.41,7.31,1
WR,74.3,186,4.64,5,30.5,114,4.36,7.31,0
DT,74.8,276,4.96,25,28.0,109,4.4,7.31,1
DT,76.13,295,5.04,23,30.5,114,4.48,7.32,1
WR,74.13,211,4.34,22,35.5,127,4.19,7.15,0
LB,74.63,246,4.42,21,37.0,126,4.06,6.7,1
DT,76.0,305,4.93,31,28.0,105,4.55,7.73,0
OG,76.63,300,5.18,25,32.0,106,4.35,7.35,1
OG,75.9,291,5.3,34,28.5,106,4.41,7.31,0
OT,77.5,295,5.12,17,29.5,113,4.44,7.31,1
LB,73.63,233,4.56,17,34.5,123,4.24,6.97,1
WR,73.3,215,4.47,21,37.0,116,4.09,7.2,1
CB,69.8,183,4.51,15,37.5,126,3.99,7.31,0
QB,72.5,219,4.71,21,32.5,118,4.51,7.31,0
DE,78.63,295,4.77,20,32.7,114,4.41,7.31,0
DE,74.63,253,4.75,21,31.5,110,4.31,7.25,0
DE,74.4,270,4.57,21,38.5,120,4.42,7.31,1
S,71.3,209,4.65,15,36.0,120,4.08,6.75,0
LB,76.88,255,4.66,15,34.5,117,4.19,6.82,1
DT,76.0,329,5.23,22,26.5,104,4.7,7.85,0
S,73.75,215,4.47,21,40.0,132,4.34,7.34,1
DE,77.5,265,4.98,20,34.1,110,4.28,6.9,1
QB,76.13,217,4.78,21,32.0,113,3.96,6.82,1
CB,72.63,199,4.49,18,44.5,147,3.94,6.78,1
CB,70.25,184,4.51,14,40.5,132,3.84,6.82,0
WR,72.9,204,4.89,20,30.8,111,4.47,7.31,1
RB,69.25,223,4.46,28,36.0,120,4.16,6.79,1
QB,71.8,202,4.86,17,30.5,115,4.6,7.31,1
WR,73.75,231,4.5,19,33.0,119,4.39,7.09,0
LB,72.88,228,4.8,25,35.0,117,4.3,7.06,0
K,76.88,239,4.8,22,32.9,114,4.42,7.31,1
OG,77.0,346,4.99,36,32.0,105,4.53,7.37,1
OT,75.5,308,5.19,21,24.5,108,4.53,7.47,0
TE,74.3,268,4.9,28,31.0,110,4.41,7.31,0
QB,74.4,215,5.1,19,29.5,108,4.36,7.31,0
DE,72.9,266,4.48,28,33.5,111,4.33,7.31,1
LB,75.3,235,5.0,9,27.5,112,4.47,7.31,1
OT,78.13,300,5.22,23,26.5,101,4.97,8.0,0
CB,72.0,186,4.54,15,35.5,123,4.41,7.31,1
RB,73.8,232,4.85,17,28.5,113,4.17,7.31,1
LB,75.13,246,4.36,19,34.0,126,4.4,6.96,1
OT,78.0,303,5.21,20,34.0,103,4.59,8.08,0
OT,78.25,324,5.21,22,30.0,111,4.53,7.38,0
TE,75.9,238,5.23,12,26.5,108,4.28,7.31,0
QB,74.6,224,4.76,21,36.5,119,4.23,6.94,0
DE,74.13,261,4.73,31,34.5,122,4.5,7.39,1
WR,71.8,182,4.46,9,30.0,114,4.51,7.31,1
CB,72.13,201,4.5,15,37.0,123,4.01,6.68,1
QB,77.0,248,4.56,21,35.0,126,4.18,6.92,1
RB,72.13,256,4.9,14,29.5,113,4.47,7.14,1
S,72.0,228,4.53,20,35.0,120,4.33,7.38,1
CB,69.38,184,4.52,16,32.5,119,4.37,7.0,0
DE,76.3,269,4.82,20,30.1,109,4.48,7.31,1
DE,75.6,261,4.93,19,28.0,99,4.72,7.31,1
K,68.13,164,4.77,20,32.7,114,4.41,7.31,0
WR,71.25,176,4.57,21,31.0,120,4.12,6.57,0
OG,75.5,317,5.23,30,25.5,98,4.56,7.69,1
RB,69.4,203,4.56,15,35.5,120,4.0,7.18,1
DE,75.13,247,4.82,14,37.5,109,4.26,7.07,0
OT,78.0,370,5.32,33,28.0,105,5.18,8.2,1
OG,76.13,298,5.3,21,25.0,101,4.61,7.44,0
DT,73.0,303,5.05,29,32.0,104,4.21,7.63,0
C,75.5,303,5.64,28,24.0,111,4.39,7.31,0
CB,68.5,180,4.49,16,34.5,121,4.2,7.31,0
CB,71.1,189,4.66,10,33.5,115,4.21,7.31,0
LB,73.25,242,4.59,22,32.0,114,4.29,7.31,1
DE,74.8,273,5.08,19,31.1,112,4.47,7.31,0
OT,77.0,302,5.09,32,35.0,115,4.58,7.83,1
OT,78.63,311,4.94,28,33.0,110,4.88,7.95,1
QB,78.13,224,5.07,20,28.5,116,4.6,7.85,0
QB,72.5,211,4.94,20,29.5,108,4.21,7.31,0
OT,77.0,304,5.5,25,21.5,96,4.9,7.31,1
WR,73.75,204,4.62,20,31.0,116,4.08,6.75,1
WR,73.25,202,4.43,20,37.5,126,4.46,7.31,1
DT,74.5,294,5.02,30,32.0,116,4.59,7.33,1
OG,76.5,314,5.24,30,29.0,114,4.84,7.45,1
LB,73.0,245,4.84,23,32.5,109,4.0,6.98,1
OG,74.4,298,5.37,18,25.0,89,4.9,7.31,0
WR,75.1,221,4.63,20,35.0,121,4.21,7.31,0
S,71.13,208,4.39,19,33.5,113,4.46,7.03,0
RB,70.0,195,4.5,15,43.5,129,3.86,6.9,1
OT,78.13,313,4.94,20,28.0,107,4.63,7.83,1
OG,75.0,293,5.26,32,25.5,96,4.64,7.84,1
CB,69.13,196,4.56,17,35.5,113,4.15,7.22,1
LB,75.0,241,4.63,16,30.5,116,4.46,6.88,0
RB,71.88,230,4.59,16,34.0,122,4.34,7.14,1
OG,75.63,313,5.42,23,24.0,100,4.89,8.14,0
OG,75.0,332,5.58,28,22.5,96,5.1,7.78,1
C,74.63,296,5.24,36,27.0,107,4.53,7.46,1
C,76.1,270,5.29,28,26.5,102,4.79,7.31,1
RB,72.6,214,4.59,16,34.0,115,4.33,7.31,0
OT,79.0,313,5.26,37,27.5,102,4.73,7.44,1
WR,72.5,201,4.45,27,33.0,113,4.45,7.31,0
DT,72.9,274,4.96,26,31.0,110,4.41,7.31,1
RB,69.9,198,4.47,13,33.0,114,4.21,7.31,1
OT,78.13,314,5.55,15,29.0,105,5.0,8.46,0
WR,71.13,212,4.6,15,33.0,117,4.39,7.27,0
LB,74.88,243,4.64,30,35.0,120,4.22,6.84,1
DT,78.88,300,4.78,21,34.0,114,4.36,7.31,0
DT,76.3,315,4.95,22,30.7,111,4.44,7.31,1
DE,76.13,268,4.96,18,30.0,111,4.37,7.01,0
LB,74.1,245,4.71,20,31.0,111,4.32,7.27,0
OT,77.5,316,5.11,26,28.5,105,4.37,8.37,0
LB,72.4,240,4.92,20,32.5,116,4.13,7.31,1
LB,73.9,244,4.54,19,38.0,125,4.41,7.31,1
RB,70.4,200,4.53,17,39.5,129,4.35,7.31,0
LB,72.13,228,4.59,17,38.0,119,4.35,7.19,0
S,68.6,194,4.61,20,41.5,120,4.0,7.31,1
QB,75.38,226,4.71,21,32.5,118,4.51,7.31,0
TE,74.5,266,4.79,22,34.0,112,4.43,7.38,1
CB,71.6,207,4.58,19,39.0,122,4.2,7.21,0
RB,72.25,213,4.62,21,30.0,116,4.43,7.31,0
S,73.25,218,4.54,19,34.0,124,4.44,7.23,0
C,78.5,297,5.35,16,21.5,100,4.77,7.31,0
TE,77.0,260,4.84,26,32.0,121,4.11,6.96,0
OG,76.63,316,5.16,25,24.5,98,5.16,7.87,0
RB,72.25,223,4.56,24,33.5,120,4.38,7.09,0
OG,75.0,304,5.39,23,27.5,100,4.67,7.73,0
S,70.1,204,4.44,18,40.0,132,4.36,7.31,1
OG,76.75,294,5.3,30,28.0,111,4.9,7.75,0
QB,75.75,231,4.97,20,28.5,103,4.36,7.16,1
WR,76.75,231,4.53,12,37.0,114,4.26,7.08,1
RB,70.3,221,4.43,18,40.5,124,4.21,6.84,1
OG,77.0,274,5.23,18,26.0,106,4.78,7.31,1
K,70.13,174,4.77,21,32.7,114,4.37,7.31,0
WR,72.4,190,4.53,6,25.5,106,4.64,7.31,1
RB,73.25,226,4.61,22,36.0,117,4.22,7.19,0
S,70.75,211,4.65,13,32.0,111,4.22,6.74,0
DE,76.3,292,5.15,23,27.5,99,4.4,7.74,0
QB,76.8,221,4.9,22,32.6,113,4.33,7.31,1
WR,70.5,180,4.59,7,35.0,116,4.19,6.8,1
S,73.0,207,4.57,15,32.5,116,4.49,7.18,0
QB,73.0,217,5.06,22,32.8,112,4.39,7.31,0
LB,72.6,235,4.88,18,32.0,113,4.29,7.31,0
DT,74.13,301,4.78,23,31.9,115,4.96,7.31,0
CB,71.3,180,4.68,10,35.0,122,4.33,7.31,0
OT,74.6,289,5.32,27,31.1,112,4.44,7.31,0
WR,75.25,213,4.78,17,31.9,115,4.46,7.31,0
OT,79.1,296,5.14,18,30.0,102,4.85,7.31,0
DE,74.63,253,4.71,28,33.0,108,4.31,7.02,0
DE,78.0,243,4.67,18,32.0,111,4.07,7.27,1
WR,76.5,229,4.54,28,37.0,120,4.09,7.05,1
WR,77.0,230,4.56,20,41.0,130,4.2,7.37,0
CB,72.0,202,4.33,10,36.0,125,3.98,7.31,1
OT,76.63,319,5.05,23,32.5,107,4.57,7.18,1
LB,75.3,247,4.72,18,31.5,107,4.15,6.84,0
RB,70.88,232,4.62,17,36.5,115,4.25,7.15,1
QB,77.0,240,4.91,19,31.1,112,4.44,7.31,1
QB,75.0,206,4.84,20,31.5,108,4.58,7.33,0
DT,74.8,293,4.9,22,34.3,112,4.37,7.31,0
DE,75.0,271,5.02,18,34.5,115,4.4,7.31,0
S,69.5,202,4.6,19,33.5,117,4.18,7.09,0
C,74.3,272,4.94,24,30.0,109,4.34,7.31,1
QB,75.13,222,4.85,21,31.0,106,4.34,6.95,0
RB,70.8,196,4.49,14,33.5,114,4.28,7.31,0
CB,70.1,176,4.53,19,38.0,124,4.06,7.31,1
OG,75.0,288,5.15,26,26.0,98,4.3,7.31,1
QB,69.8,196,4.8,15,29.5,109,4.35,7.31,0
CB,71.63,197,4.53,17,37.5,121,4.08,7.08,1
RB,72.13,213,4.64,21,30.0,118,4.51,7.31,0
LB,72.88,236,4.51,20,33.5,117,4.46,7.31,1
LB,75.4,247,4.77,14,37.5,122,3.98,7.06,0
DT,74.5,303,5.19,17,25.0,103,5.29,7.31,0
OG,75.75,301,5.02,16,25.5,110,4.58,7.32,1
RB,70.6,219,4.66,22,30.5,106,4.33,7.31,0
CB,73.5,210,4.43,14,40.5,132,4.65,7.29,1
DE,79.75,290,5.11,16,29.5,111,4.69,7.45,1
CB,69.13,188,4.51,11,36.5,124,4.06,6.82,0
DE,75.0,241,4.93,13,36.5,128,4.23,7.31,0
S,73.5,212,4.77,12,36.0,115,4.46,7.31,0
OT,78.1,266,5.09,17,30.5,110,4.68,7.31,0
WR,72.1,195,4.64,17,31.0,112,4.38,7.31,0
WR,73.6,193,4.74,18,30.0,113,4.18,7.31,0
WR,70.9,188,4.73,19,29.0,105,4.5,7.83,0
RB,70.5,246,4.8,24,30.5,109,4.47,7.31,1
DT,72.5,291,4.84,21,33.1,115,4.38,7.31,1
TE,76.88,257,4.63,20,35.0,124,4.42,7.09,1
WR,71.9,200,4.57,20,33.0,120,4.62,7.31,0
OT,77.0,310,4.77,34,28.5,111,4.42,7.31,1
K,71.8,183,4.95,17,30.7,111,4.44,7.31,1
TE,74.5,251,4.83,35,30.5,113,4.37,7.31,0
WR,72.4,195,4.55,18,31.5,116,4.29,7.31,0
OT,78.4,322,5.38,28,31.0,100,4.62,7.78,0
DE,76.0,277,5.28,11,27.0,101,4.73,7.31,0
WR,72.88,190,4.48,11,36.5,123,4.23,6.83,1
K,73.38,200,4.72,19,33.0,117,4.46,7.31,1
DE,74.4,264,4.9,24,40.0,125,4.37,7.85,1
OG,75.25,307,5.02,21,20.5,102,4.76,7.81,0
OT,79.25,306,5.05,27,28.5,116,4.44,7.59,1
RB,69.0,204,4.86,18,31.6,113,4.38,7.31,1
CB,74.4,213,4.5,16,37.5,124,4.39,7.31,1
CB,69.0,189,4.57,18,34.0,116,4.38,7.31,1
WR,71.25,181,4.26,21,35.5,123,4.29,7.31,1
RB,72.63,222,4.52,17,32.6,114,4.44,7.31,1
DE,74.25,262,4.81,24,32.0,108,4.63,7.9,0
RB,69.38,217,4.58,21,34.0,109,4.11,6.91,1
OG,74.9,310,5.4,19,24.5,106,4.62,7.31,1
K,72.63,221,4.91,11,25.5,106,4.38,7.31,0
LB,72.63,241,4.78,19,32.0,116,4.56,7.5,0
RB,68.88,245,4.79,25,30.0,103,4.42,7.1,0
OG,75.75,308,4.91,25,30.5,117,4.54,7.61,1
OT,77.25,307,5.18,38,32.5,105,4.8,7.79,1
DE,75.0,285,4.93,23,32.0,116,4.56,7.31,0
DE,77.75,278,4.68,21,31.5,111,4.61,7.21,1
QB,72.25,225,4.72,21,33.0,112,4.08,6.97,0
WR,76.25,235,4.5,21,31.5,111,4.43,7.18,0
LB,76.75,251,4.53,16,39.5,124,4.28,6.95,1
RB,72.5,225,4.8,16,30.0,110,4.51,7.31,0
TE,74.8,264,5.28,17,31.0,112,4.47,7.31,0
WR,74.0,182,4.67,17,34.0,119,4.3,7.31,0
LB,76.5,253,4.54,19,32.3,117,4.46,7.31,1
WR,70.8,193,4.55,19,32.0,113,4.46,7.33,1
TE,76.75,246,4.82,17,34.0,113,4.38,7.14,0
CB,71.75,189,4.53,14,36.5,123,4.18,6.95,0
DT,72.6,294,5.03,28,36.0,108,4.56,7.44,0
TE,77.63,243,4.64,22,31.0,117,4.23,6.92,1
S,70.63,195,4.5,11,35.0,111,4.33,7.06,1
RB,69.3,207,4.75,10,29.0,112,4.51,7.31,1
TE,74.63,249,4.79,24,32.5,110,4.12,7.21,0
C,75.1,328,5.15,26,28.5,98,4.99,8.21,1
K,69.25,187,4.96,21,33.1,115,4.38,7.31,1
DT,73.0,302,4.93,27,35.0,119,4.49,7.31,0
OT,78.63,325,4.71,21,24.5,101,4.9,7.94,0
DE,76.9,304,4.84,23,30.0,112,5.01,7.66,1
K,68.9,171,4.78,15,24.5,103,4.38,7.31,0
LB,76.0,226,4.9,19,30.7,111,4.47,7.31,1
DT,73.4,274,5.22,28,26.5,105,4.63,7.31,0
WR,69.63,165,4.52,15,35.5,123,4.28,7.16,0
C,74.75,307,5.08,28,33.0,113,4.64,7.91,0
WR,70.88,207,4.69,14,29.0,103,4.75,7.28,0
K,71.5,182,4.86,20,32.6,114,4.44,7.31,0
OG,74.88,320,5.14,28,25.0,101,4.87,8.22,0
QB,74.25,225,4.81,22,30.5,107,4.47,7.06,1
DE,75.5,256,4.85,20,31.4,110,4.44,7.31,1
LB,74.5,241,4.68,27,39.0,122,4.41,7.37,1
DE,77.1,279,5.08,19,29.5,110,4.34,7.48,1
RB,71.5,224,4.89,20,30.8,111,4.47,7.31,0
TE,76.63,241,4.81,21,34.1,112,4.29,7.31,0
QB,77.6,243,5.05,22,30.5,110,4.62,7.65,1
DE,76.63,274,4.75,21,34.0,113,4.07,6.9,0
OG,78.3,288,5.25,14,25.0,93,4.84,7.31,1
RB,71.75,221,4.57,19,39.0,121,4.1,7.1,1
OG,77.63,309,5.21,23,26.0,111,4.78,7.97,1
QB,75.0,221,5.04,19,26.0,102,4.79,7.31,1
RB,70.5,201,4.71,17,31.0,120,4.51,7.31,0
QB,74.13,225,4.8,20,30.0,114,4.08,6.88,1
LB,73.1,237,4.86,18,31.6,113,4.38,7.31,0
OT,76.75,311,5.24,21,26.0,102,4.71,7.57,0
RB,70.9,233,4.6,19,32.8,112,4.39,7.31,0
DE,76.63,256,4.63,25,33.5,118,4.47,7.14,0
DE,74.13,252,4.59,29,35.5,124,4.73,7.07,1
OG,74.5,303,5.22,32,32.9,114,4.42,7.31,0
OG,75.8,275,5.08,33,27.5,98,4.35,7.31,1
DT,75.3,279,5.17,23,24.0,103,4.71,7.31,0
RB,69.6,222,4.6,29,34.0,115,4.37,7.38,0
QB,74.63,221,4.77,19,27.5,109,4.36,7.06,0
DE,75.5,274,5.0,24,31.0,110,4.45,7.31,1
DT,73.8,286,5.1,25,27.0,101,4.72,7.31,1
QB,72.75,217,4.47,21,37.5,126,4.09,6.78,1
LB,72.88,226,4.67,22,26.5,116,4.48,7.22,0
RB,72.0,233,4.4,29,41.0,115,4.24,7.31,1
C,74.8,266,4.97,25,26.5,103,4.6,7.31,0
QB,73.63,212,4.71,21,32.5,118,4.51,7.31,0
LB,73.75,222,4.45,15,35.5,118,4.26,7.1,0
DE,77.13,252,4.57,25,36.5,130,4.35,6.95,1
DT,76.25,305,5.1,25,27.5,99,4.79,8.0,0
OT,78.63,306,4.96,30,27.0,115,4.65,7.33,1
LB,74.1,224,4.83,8,30.0,105,4.65,7.31,0
LB,72.75,229,4.77,18,31.0,110,4.28,7.07,0
LB,76.25,256,4.65,20,39.5,124,4.15,6.88,1
DE,76.8,271,4.91,28,35.5,122,4.5,7.48,1
RB,73.88,234,4.62,17,32.5,109,4.2,7.09,0
RB,69.0,214,4.49,25,35.5,121,4.1,6.57,1
CB,70.25,197,4.43,18,34.0,117,4.4,7.21,1
S,71.0,213,4.52,16,39.5,124,4.33,7.31,0
WR,74.0,206,4.78,20,32.6,115,4.43,7.31,1
OT,78.8,305,5.49,20,24.5,98,4.88,7.31,0
OT,79.8,349,4.88,24,31.9,112,4.35,7.31,1
TE,75.8,253,4.85,9,31.4,110,4.44,7.31,0
TE,76.38,256,4.89,16,34.0,115,4.42,7.01,1
RB,71.0,200,4.41,21,30.5,122,4.22,6.8,1
LB,74.6,221,4.7,26,34.0,120,4.29,7.31,0
LB,74.13,236,4.71,24,37.5,120,4.16,6.89,1
DT,73.9,320,5.28,22,31.0,102,4.85,8.12,0
OT,77.88,316,5.09,26,31.5,109,4.67,7.93,1
LB,73.63,238,4.71,22,37.0,116,4.2,6.94,1
TE,76.38,250,4.6,24,32.0,120,4.45,7.49,1
RB,72.63,228,4.58,19,29.5,114,4.31,7.53,0
LB,75.63,256,4.59,21,40.5,128,4.18,6.87,1
RB,68.0,176,4.52,12,34.5,114,4.3,7.05,0
CB,70.88,187,4.48,11,37.5,115,4.46,7.31,0
CB,72.3,191,4.45,13,35.5,111,4.44,7.31,1
CB,71.63,190,4.38,16,37.5,125,3.85,6.67,1
RB,71.1,200,4.95,17,30.7,111,4.44,7.31,0
LB,71.8,203,4.9,19,31.5,108,4.31,7.25,1
DT,76.5,263,5.15,16,29.0,111,4.43,7.31,0
RB,71.63,210,4.52,13,35.0,121,4.37,7.0,1
CB,71.75,194,4.38,17,38.5,132,4.14,6.87,1
CB,71.0,173,4.68,19,34.0,113,3.99,7.31,0
OG,76.63,315,4.92,22,30.5,102,4.72,7.31,1
RB,70.5,184,4.51,18,32.4,118,4.39,7.31,0
QB,74.38,218,4.58,20,33.5,124,4.43,7.31,1
OG,74.63,310,5.5,29,28.5,104,4.76,7.67,0
WR,72.13,208,4.35,18,37.5,125,4.15,7.01,1
QB,74.3,203,4.81,15,28.7,109,4.45,7.31,1
RB,74.0,263,4.79,21,32.3,115,4.46,7.31,0
OG,75.5,309,5.4,19,25.5,96,5.05,7.31,0
WR,76.38,217,4.59,21,35.0,122,4.14,6.81,0
TE,76.38,250,4.72,19,34.0,119,4.49,7.12,0
QB,74.38,214,4.69,20,34.5,110,4.2,7.31,1
DT,74.63,314,5.06,29,28.5,102,4.62,7.31,1
DT,74.13,300,5.07,21,24.0,118,4.51,7.31,0
OT,80.13,307,5.18,22,28.5,105,4.58,7.52,0
RB,72.0,216,4.38,21,32.2,110,3.88,6.87,1
DT,75.88,307,5.03,32,35.5,105,4.44,7.21,1
WR,74.75,220,4.34,17,38.5,135,4.25,6.66,1
S,72.0,211,4.68,17,30.5,114,4.15,6.98,0
DE,78.88,267,4.65,21,34.0,122,4.48,7.22,0
LB,74.88,270,4.62,30,36.5,125,4.37,6.95,1
DT,77.0,291,4.98,30,35.0,119,4.48,7.12,0
WR,69.5,183,4.37,7,35.5,119,4.36,7.03,1
DE,75.75,292,4.85,26,33.5,117,4.23,7.35,1
S,71.75,205,4.52,17,32.0,124,4.16,7.04,0
S,69.88,197,4.59,16,34.5,120,4.29,6.98,0
RB,69.6,227,4.57,24,37.5,119,4.22,7.32,1
WR,70.63,190,4.46,16,38.0,124,4.36,7.31,1
DE,76.63,294,4.92,21,30.0,114,4.37,7.31,1
OG,76.0,301,5.23,22,28.5,110,4.66,7.85,0
DT,75.0,303,4.83,19,30.5,112,4.46,7.31,1
CB,69.6,187,4.59,12,38.0,124,4.34,7.31,1
OT,77.88,316,5.45,15,24.0,102,4.84,8.07,0
RB,72.88,259,4.77,19,32.5,115,4.42,7.31,0
C,76.0,311,5.03,26,30.0,103,4.59,7.58,1
RB,70.4,236,4.84,27,30.5,104,4.38,7.31,1
WR,72.88,212,4.56,14,39.5,123,4.3,6.82,1
LB,74.0,223,4.77,19,32.5,115,4.42,7.31,1
DT,73.3,323,5.21,36,32.6,113,4.33,7.31,1
WR,73.5,211,4.61,20,38.5,123,4.37,7.31,1
WR,76.0,227,4.85,17,31.4,110,4.44,7.31,0
CB,68.3,179,4.95,17,30.7,111,4.44,7.31,0
CB,70.13,183,4.54,11,35.0,120,4.35,7.09,0
RB,70.3,189,4.32,8,33.5,119,4.27,7.31,1
LB,73.5,223,4.82,19,28.0,108,4.15,7.31,1
CB,71.75,200,4.49,13,38.0,123,4.07,6.78,0
LB,74.38,246,4.59,26,42.5,132,4.44,7.31,0
RB,70.8,203,4.87,8,30.5,106,4.41,7.31,1
LB,72.0,234,4.9,23,32.5,109,4.13,7.31,1
DT,73.5,337,5.12,33,32.0,103,4.69,7.9,1
TE,75.25,254,4.39,33,42.0,128,4.17,7.0,1
C,75.25,303,5.31,26,31.0,105,4.47,7.39,0
CB,70.4,193,4.7,9,39.0,118,4.4,7.04,0
OT,77.3,334,5.12,24,30.5,102,4.73,7.58,1
CB,73.0,207,4.49,12,40.0,131,3.89,7.05,1
DT,75.13,319,4.93,24,27.0,106,4.62,7.83,1
RB,74.63,232,4.86,18,35.0,121,4.24,6.92,0
CB,70.9,201,4.47,20,39.5,126,4.06,7.31,0
QB,73.6,208,4.71,17,31.5,120,4.44,7.31,0
QB,76.88,237,4.75,20,33.5,119,4.4,6.9,1
LB,72.38,233,4.58,20,32.0,121,4.33,7.34,0
OG,75.9,292,4.86,28,31.6,113,4.38,7.31,0
QB,76.4,211,5.3,21,24.5,99,4.38,7.2,1
OG,75.0,294,5.38,17,25.5,95,4.63,7.31,1
TE,77.5,261,4.81,21,32.0,112,4.4,7.21,1
RB,70.25,242,4.74,32,32.5,111,4.41,7.23,1
LB,73.3,234,4.62,24,38.5,124,4.5,7.25,1
TE,74.4,250,4.69,16,29.0,109,4.59,7.31,1
WR,70.25,199,4.42,17,35.0,120,4.34,7.12,1
S,73.0,219,4.53,19,37.5,128,4.28,7.31,1
CB,72.63,207,4.53,16,32.5,117,4.39,7.09,0
DT,73.5,297,5.12,27,25.5,100,4.8,7.52,0
DE,74.63,245,4.79,20,29.0,110,4.56,7.47,0
RB,73.5,216,4.74,16,32.0,118,4.25,7.31,1
LB,74.25,236,4.7,15,38.0,124,4.22,6.98,1
DE,74.4,278,4.96,27,29.5,106,4.47,7.2,0
OT,76.38,309,5.28,28,33.0,114,4.58,7.66,0
CB,76.3,192,4.7,7,37.0,115,4.33,7.31,0
DT,73.38,293,4.75,34,33.0,117,4.43,7.33,1
LB,72.3,231,4.6,23,32.5,107,4.33,7.31,0
OT,79.63,316,5.2,29,29.5,104,4.87,7.73,0
RB,67.3,174,4.64,20,34.5,122,4.26,7.31,1
OT,75.1,328,5.47,28,23.5,92,4.77,8.02,0
TE,76.9,252,4.91,17,33.5,112,4.19,7.31,1
CB,70.75,193,4.38,16,36.0,126,4.07,6.7,1
OG,77.1,315,5.14,31,33.5,106,4.74,7.82,1
S,73.1,211,4.56,16,36.5,121,4.14,6.96,1
DT,74.3,292,4.86,17,28.7,109,4.45,7.31,1
OT,76.13,315,5.09,24,27.5,105,4.52,7.58,1
S,72.9,198,4.55,14,35.5,124,4.25,7.31,0
RB,72.75,226,4.68,23,32.0,115,4.53,7.09,1
WR,71.6,179,4.48,8,30.5,110,4.11,7.31,0
LB,72.38,235,4.58,24,38.0,127,4.22,6.88,0
DE,75.75,280,5.14,22,26.5,108,4.69,7.72,0
DE,76.38,269,4.65,24,36.0,121,4.41,7.37,1
C,75.88,311,5.17,20,28.5,106,4.75,7.31,1
OG,73.63,342,5.75,32,22.5,93,4.46,7.31,0
K,72.0,232,4.79,19,32.6,115,4.46,7.31,1
DE,77.13,241,5.02,10,28.5,113,4.75,7.45,0
WR,71.88,205,4.31,11,40.0,135,4.03,7.31,0
LB,76.13,246,4.66,16,40.5,121,4.27,7.21,1
TE,72.1,207,4.6,18,36.0,121,3.99,7.31,0
S,73.8,206,4.64,16,39.0,121,4.24,6.97,1
RB,71.63,218,4.37,19,36.0,121,4.33,7.0,1
LB,71.5,246,4.92,27,29.5,100,4.24,7.73,0
K,72.25,189,4.77,20,32.7,114,4.41,7.31,0
RB,70.8,244,4.56,21,37.0,124,4.36,7.31,1
S,73.25,209,4.41,14,41.5,135,4.18,6.94,1
RB,70.0,220,4.64,18,35.0,112,4.46,7.31,1
K,72.0,187,4.86,21,33.1,115,4.38,7.31,1
WR,67.3,164,4.35,1,28.0,113,4.21,7.31,0
RB,71.13,210,4.49,22,30.5,116,4.53,7.27,1
RB,69.75,214,4.56,15,39.5,131,4.56,7.1,1
QB,77.0,243,5.03,21,30.5,112,4.68,7.14,1
OT,78.13,306,4.77,33,26.5,105,4.57,7.53,0
S,74.75,190,4.52,8,33.5,116,4.24,7.04,0
DE,76.3,257,4.65,16,32.5,124,4.57,7.31,1
C,74.3,291,4.89,20,30.8,111,4.47,7.31,1
CB,73.0,187,4.75,4,29.5,102,4.24,7.31,0
DE,76.3,271,4.78,24,33.0,114,4.15,7.21,0
RB,72.63,224,4.5,25,41.5,127,4.27,6.82,1
WR,75.75,218,4.5,18,35.5,120,4.15,7.0,1
TE,74.6,242,4.85,22,31.5,112,4.3,7.31,0
QB,72.63,223,4.62,20,34.0,120,4.44,7.31,0
OT,76.3,345,4.91,19,31.1,112,4.44,7.31,1
S,73.88,213,4.54,19,34.0,122,4.12,6.63,1
TE,75.5,247,4.81,20,33.0,117,4.51,7.28,0
LB,73.75,241,4.77,20,33.5,116,4.44,6.89,0
TE,77.6,278,4.96,18,33.5,115,4.42,7.13,0
LB,78.1,231,4.86,14,29.5,109,4.64,7.31,1
LB,75.13,240,4.62,23,35.5,121,4.18,6.9,1
TE,75.6,255,4.77,22,33.0,106,4.19,7.12,0
OT,76.8,311,5.3,26,34.3,112,4.49,7.84,1
CB,70.63,196,4.45,15,39.5,120,3.97,6.45,0
C,76.3,280,5.03,24,31.0,106,4.46,7.31,1
LB,70.5,219,4.7,22,31.0,114,4.43,7.31,0
DE,77.6,266,4.72,21,31.0,111,4.42,7.45,1
WR,72.6,216,4.73,22,33.5,114,4.25,7.35,1
QB,76.88,241,4.6,20,33.5,120,4.49,7.29,0
DE,76.1,270,4.94,23,29.5,102,4.43,7.77,1
WR,70.4,181,4.62,17,34.5,117,4.07,7.31,0
S,72.9,206,4.51,20,36.5,124,4.37,7.31,1
S,74.0,205,4.64,12,34.5,115,4.46,7.37,1
TE,75.3,256,5.06,23,28.5,111,4.46,8.36,0
RB,70.1,206,4.9,19,30.7,111,4.47,7.31,1
CB,67.75,185,4.38,17,37.5,117,4.36,7.31,1
QB,77.0,232,4.65,22,32.8,112,4.39,7.31,1
QB,72.3,213,4.85,20,32.0,105,4.21,7.09,1
WR,72.0,202,4.53,14,38.5,125,4.13,6.78,1
QB,75.9,211,4.87,10,30.0,102,4.4,7.31,1
OT,76.9,291,5.05,18,25.0,100,4.48,7.31,0
WR,73.4,186,4.54,17,32.0,118,4.32,7.31,0
LB,75.0,218,4.52,16,31.5,117,4.57,7.04,1
RB,70.75,212,4.34,21,33.0,120,4.08,6.94,1
WR,73.88,209,4.53,19,35.5,122,4.19,7.06,0
DE,77.6,288,4.9,13,22.5,89,4.41,7.31,0
WR,72.1,174,4.44,17,39.0,129,4.22,7.31,1
C,74.88,320,4.99,20,32.0,111,4.58,7.54,0
DE,76.8,260,4.86,17,33.5,108,4.33,7.4,1
CB,71.88,191,4.54,8,30.5,118,4.18,6.87,1
CB,69.3,179,4.59,10,38.0,116,3.95,7.43,0
RB,69.0,195,4.54,19,35.5,122,4.36,7.31,0
CB,69.9,187,4.69,9,32.0,119,4.5,7.31,0
RB,72.5,228,4.69,12,25.5,109,4.29,7.31,0
DT,74.0,289,5.16,28,29.5,106,4.55,7.53,1
DE,78.1,260,4.81,25,32.0,115,4.44,7.31,0
DE,75.4,274,5.05,24,33.0,108,4.75,7.31,1
DE,76.13,267,4.71,24,32.5,118,4.51,7.31,0
RB,68.13,221,4.75,24,28.5,112,4.46,7.31,0
LB,76.0,234,4.74,19,30.5,121,4.6,7.31,1
TE,76.5,336,4.99,21,29.0,115,4.75,7.7,1
RB,71.75,225,4.47,19,32.5,118,4.42,7.31,1
TE,76.6,252,4.68,22,32.0,112,4.37,7.31,1
K,74.5,213,4.73,19,27.5,114,4.46,7.31,1
LB,73.5,240,4.55,26,34.5,113,4.06,6.91,0
K,76.38,248,5.19,20,28.0,115,4.46,7.31,0
C,74.3,293,4.95,23,29.0,104,4.44,7.31,0
LB,73.5,243,4.92,21,34.0,110,4.2,7.31,0
RB,71.5,239,4.61,22,37.5,119,4.25,7.15,0
OG,74.8,269,5.26,17,27.5,108,4.66,7.31,0
DE,74.8,259,5.18,18,29.0,116,4.44,7.31,1
DT,73.63,309,4.84,38,30.5,112,4.4,7.33,0
TE,77.0,256,4.81,21,34.1,112,4.29,7.31,1
CB,69.6,201,4.55,15,37.0,126,4.07,6.87,1
WR,77.38,205,4.62,16,36.0,126,4.53,6.92,0
RB,71.9,226,4.88,20,31.9,112,4.35,7.31,1
RB,70.0,206,4.7,12,30.5,116,4.3,7.31,1
OG,76.63,304,4.95,28,28.5,110,4.54,7.47,1
QB,75.8,255,4.52,21,39.0,122,4.13,7.21,1
WR,71.13,197,4.47,21,36.5,117,4.16,6.68,1
CB,71.0,193,4.37,15,37.0,123,4.23,6.92,1
CB,71.1,199,4.43,11,39.0,127,4.3,6.85,1
LB,73.0,234,4.67,18,36.0,117,4.36,7.57,1
RB,72.75,226,4.45,21,35.0,118,4.27,7.1,1
LB,75.0,228,4.8,10,39.5,120,4.52,7.31,0
RB,69.5,210,4.5,25,38.5,130,4.25,6.87,0
RB,71.13,215,4.48,20,35.5,125,4.55,7.05,1
DE,76.0,248,4.64,15,34.5,121,4.46,7.31,1
DE,75.63,269,4.64,22,34.5,121,4.45,7.31,1
TE,75.75,254,4.72,19,33.0,117,4.32,7.0,1
LB,72.3,229,4.71,19,31.1,112,4.44,7.31,1
DT,76.13,315,4.96,27,26.0,106,4.59,7.31,1
TE,78.25,258,4.68,23,33.5,119,4.47,7.18,1
DT,76.0,327,5.48,20,29.0,99,5.15,8.21,0
DT,72.1,292,5.14,23,24.0,96,4.77,7.31,1
DE,77.0,264,4.88,15,34.3,112,4.37,7.31,0
QB,74.13,223,5.07,22,29.5,98,4.56,7.45,0
OT,77.3,277,5.25,16,30.5,107,4.58,7.31,0
LB,73.5,236,4.71,19,31.5,118,4.19,7.31,0
LB,72.9,234,4.88,27,37.0,124,4.14,7.84,1
DT,75.0,301,4.9,18,31.0,110,4.41,7.31,0
QB,74.13,215,4.78,22,29.5,111,4.17,6.81,0
OG,76.4,316,5.8,21,25.5,93,4.91,8.38,0
TE,78.13,257,4.57,18,39.0,134,4.45,7.31,0
WR,69.0,180,4.46,17,33.0,118,4.44,7.31,1
S,72.5,204,4.58,11,37.0,121,4.07,7.28,0
TE,77.63,245,4.44,22,33.5,129,4.35,7.12,1
CB,71.5,186,4.63,15,36.0,121,4.27,6.98,0
TE,75.5,265,4.86,22,33.0,115,4.19,7.21,1
CB,72.75,211,4.5,16,36.0,124,4.21,6.91,1
TE,75.1,236,4.79,19,36.0,123,4.56,7.92,0
QB,75.0,206,4.95,22,30.0,108,4.44,7.28,0
CB,70.8,180,4.85,9,31.4,110,4.44,7.31,0
CB,71.88,192,4.36,14,35.5,124,4.21,6.9,1
RB,68.13,224,4.6,17,32.0,119,4.12,7.15,1
OG,74.4,291,5.19,23,27.5,101,4.55,7.31,1
TE,76.5,240,4.77,17,31.4,110,4.44,7.31,1
OT,76.88,331,5.1,30,28.0,109,4.68,7.76,1
K,72.25,257,5.14,17,30.4,115,4.43,7.31,0
S,75.5,212,4.63,7,37.5,114,4.14,7.31,1
CB,72.25,219,4.31,15,38.0,126,4.07,6.58,1
RB,73.1,255,4.73,22,31.5,114,4.32,7.78,1
OT,76.9,267,5.03,14,28.0,104,4.72,7.31,0
LB,75.3,235,4.9,18,36.0,116,4.4,7.31,1
QB,74.75,226,4.92,20,32.0,116,4.52,6.95,0
QB,73.0,206,4.7,18,30.5,112,4.19,7.31,1
S,72.13,221,4.56,16,37.0,123,4.26,6.81,1
S,71.63,200,4.52,19,39.5,131,4.3,6.79,1
WR,71.3,192,4.48,21,34.0,115,4.39,6.89,1
WR,71.9,181,4.89,20,30.8,111,4.47,7.31,1
WR,70.6,179,4.59,6,33.0,113,4.48,7.31,0
OT,76.5,310,5.1,29,28.0,109,4.62,7.77,1
DE,77.88,284,4.91,28,35.5,113,4.49,7.67,1
DE,75.1,255,4.83,22,33.0,114,4.23,6.95,1
RB,73.3,215,4.58,18,33.5,118,4.45,7.31,0
LB,72.25,223,4.67,24,35.0,126,4.38,7.31,1
OT,77.8,315,4.9,30,30.7,111,4.47,7.31,1
K,70.88,197,4.77,21,32.7,114,4.37,7.31,0
LB,74.5,236,4.85,18,33.0,117,4.15,7.31,1
K,72.8,200,4.86,18,31.6,113,4.38,7.31,1
CB,70.6,188,4.65,18,30.5,101,4.14,7.31,0
OT,78.1,291,5.12,15,29.5,103,4.7,7.31,1
C,73.4,281,5.14,21,28.5,109,4.55,7.31,0
WR,78.13,238,4.46,12,37.0,125,4.25,7.07,1
LB,73.9,224,4.78,17,30.0,114,4.54,7.31,1
LB,74.4,253,4.88,22,32.8,112,4.39,7.31,1
CB,71.13,206,4.42,11,40.0,113,4.16,6.94,1
RB,68.0,199,4.46,23,31.5,119,4.2,6.65,1
K,71.6,198,4.9,19,30.7,111,4.47,7.31,0
QB,73.63,222,5.12,21,23.0,97,4.42,7.64,0
S,73.25,213,4.53,17,40.5,134,4.22,6.99,1
S,71.5,208,4.5,13,31.0,110,4.2,6.9,0
LB,75.0,254,4.74,20,33.5,116,4.46,7.31,0
TE,74.1,281,4.99,26,32.0,113,4.63,7.52,1
DE,78.5,267,5.01,15,31.0,110,4.41,7.31,0
DE,73.25,237,4.52,24,36.5,133,5.0,7.01,1
DE,73.63,256,4.99,23,30.0,107,4.78,7.44,0
WR,75.38,218,4.54,18,35.5,124,4.11,6.57,1
QB,73.25,220,4.89,19,29.5,104,4.0,7.32,0
C,74.63,304,5.19,26,24.0,96,4.66,7.81,0
S,72.1,177,4.73,7,35.0,123,4.34,7.31,0
LB,73.25,236,4.67,23,39.0,129,4.17,7.19,1
CB,71.8,185,4.73,16,32.5,117,4.2,7.31,0
OT,75.75,314,5.23,20,28.5,104,4.87,7.72,0
S,71.5,189,4.89,20,33.5,122,4.1,7.31,1
OT,75.9,321,4.89,30,30.8,111,4.47,7.31,1
TE,75.9,251,4.62,24,32.6,120,4.33,7.31,1
OT,76.4,289,5.49,20,21.5,95,4.73,7.31,0
DE,75.75,280,4.88,18,31.5,115,4.89,7.91,0
RB,70.0,208,4.46,15,35.0,119,4.2,7.31,0
LB,74.38,252,4.64,24,36.0,119,4.19,6.88,1
RB,72.0,208,4.67,14,32.0,115,4.41,7.06,0
TE,74.88,241,4.81,18,30.0,116,4.53,7.32,0
LB,74.38,251,4.62,25,35.5,128,4.5,7.51,0
WR,76.6,201,4.5,20,30.5,110,4.37,7.31,1
LB,72.9,245,4.8,20,32.8,112,4.39,7.31,1
RB,75.13,243,4.58,22,30.5,117,4.23,7.14,0
WR,71.63,186,4.79,20,32.3,115,4.46,7.31,0
TE,74.3,245,4.71,23,34.5,117,4.24,7.31,0
LB,74.25,248,4.61,33,36.5,120,4.11,7.16,0
CB,68.75,196,4.53,14,32.5,111,4.32,7.0,0
S,72.1,199,4.43,17,38.5,133,3.82,7.31,0
RB,73.25,248,4.71,24,37.0,121,4.19,6.93,1
TE,73.3,221,4.67,17,34.0,122,4.55,7.31,1
LB,74.63,251,4.65,23,40.0,127,4.18,7.08,1
CB,72.13,186,4.31,19,38.0,122,4.39,7.06,0
TE,77.38,253,4.81,18,31.0,110,4.23,7.17,0
K,75.13,210,4.78,20,31.9,115,4.46,7.31,0
LB,74.1,257,4.86,26,35.0,119,4.12,7.0,0
CB,70.0,177,4.51,7,34.0,120,4.16,7.31,1
DE,74.9,243,4.78,27,35.5,119,4.39,7.31,0
CB,72.13,204,4.51,15,33.0,124,4.08,6.59,1
LB,74.13,253,4.78,20,28.5,115,4.46,7.73,0
WR,71.6,184,4.59,20,33.5,124,4.3,7.31,0
TE,75.1,255,4.81,16,31.5,118,4.46,7.31,0
CB,70.0,202,4.36,22,32.6,113,4.33,7.31,1
CB,69.8,181,4.46,14,30.5,112,4.19,7.31,1
S,74.1,191,4.71,6,34.0,118,4.13,7.31,0
DT,74.75,300,4.79,28,32.6,115,4.46,7.31,1
WR,72.5,203,4.44,17,40.5,129,4.36,7.31,1
WR,73.0,195,4.5,4,30.5,116,4.08,6.8,0
WR,73.25,215,4.54,15,32.5,120,5.01,6.93,1
S,71.8,184,4.82,6,30.1,109,4.48,7.31,1
WR,75.25,224,4.75,21,33.6,113,4.43,7.31,1
WR,72.8,200,4.58,17,35.0,120,4.14,7.31,1
RB,70.25,235,4.48,28,36.5,128,4.53,7.44,1
QB,74.13,221,4.66,20,32.5,119,4.31,6.95,1
LB,72.63,233,4.57,19,36.5,119,4.22,7.28,1
LB,73.25,247,4.72,19,31.5,116,4.28,7.31,0
RB,71.38,238,4.68,17,30.5,111,4.47,6.98,0
S,72.5,213,4.38,22,37.5,123,4.42,7.31,1
S,73.4,199,4.49,9,37.0,122,4.2,7.31,0
LB,74.0,234,4.65,15,35.0,116,4.4,7.3,1
K,69.25,167,4.79,20,31.9,115,4.46,7.31,1
RB,72.13,231,4.42,21,36.5,114,4.26,7.2,1
QB,74.25,216,4.79,20,32.3,115,4.46,7.31,1
OT,77.5,303,5.2,30,27.0,96,4.62,7.77,0
C,74.38,304,5.28,26,22.0,90,4.99,8.19,0
K,76.25,225,4.88,19,33.0,113,4.45,7.31,1
OT,76.5,308,5.03,25,24.0,112,4.82,7.31,1
OT,76.4,279,5.08,20,30.0,105,4.51,7.31,0
S,73.88,213,4.58,16,40.5,127,3.98,7.1,0
OT,76.25,308,5.22,29,28.0,104,4.59,7.65,1
DE,75.0,275,4.73,30,35.0,109,4.52,7.67,1
OT,77.88,299,5.27,16,25.0,108,4.91,8.09,0
CB,68.88,181,4.42,12,40.5,128,4.1,6.89,0
S,72.5,200,4.49,10,33.5,117,4.31,7.24,0
DE,74.88,271,4.79,19,38.5,118,4.05,7.08,1
C,76.0,306,5.18,26,28.5,108,4.43,7.29,0
WR,71.5,197,4.61,20,38.5,127,4.26,6.9,1
WR,75.63,205,4.71,11,32.5,118,4.51,7.31,0
QB,74.4,212,4.94,19,27.0,105,4.31,7.31,0
OT,76.25,299,5.18,28,25.5,101,4.74,7.7,1
DT,72.75,285,4.68,35,32.0,115,4.39,7.11,1
LB,73.13,242,4.81,12,32.0,116,4.44,7.37,0
WR,75.38,238,4.63,16,35.5,116,4.25,7.07,0
LB,72.88,234,4.74,16,32.5,116,4.45,7.33,0
CB,71.3,180,4.68,10,34.0,112,4.27,7.3,0
DE,76.9,291,4.91,19,31.1,112,4.44,7.31,1
WR,71.13,203,4.65,15,31.0,115,4.26,7.15,1
RB,71.8,213,4.44,13,38.5,129,4.35,7.31,1
CB,73.5,184,4.36,17,38.5,131,4.17,6.74,1
LB,73.75,230,4.58,17,31.0,114,4.43,7.07,1
WR,70.1,191,4.49,20,36.5,112,4.18,7.17,0
CB,70.4,193,4.45,20,37.0,135,3.78,7.09,0
LB,72.75,237,4.53,20,30.5,120,3.97,6.69,1
CB,70.4,186,4.74,12,31.0,117,4.22,7.31,0
DE,75.0,263,4.63,31,39.5,130,4.45,7.26,1
DT,78.9,306,4.87,24,27.5,106,4.66,7.71,1
OT,77.5,308,5.07,24,30.5,104,4.47,7.34,1
LB,76.0,251,4.6,27,38.5,122,4.07,6.83,1
RB,72.63,215,4.52,19,35.0,126,4.07,7.04,1
OT,77.38,303,5.24,21,31.5,101,4.43,7.31,0
DE,71.38,257,4.78,30,34.0,114,4.36,7.31,1
K,72.38,194,4.78,22,33.0,113,4.45,7.31,1
C,74.63,314,5.41,34,32.9,114,4.42,7.31,0
CB,70.75,193,4.52,18,35.0,125,4.34,6.94,1
OG,74.1,305,5.49,26,28.0,103,4.6,7.54,0
WR,74.63,208,4.4,10,30.5,121,4.19,7.05,0
QB,72.63,209,4.84,21,32.0,102,4.35,7.07,0
RB,72.5,190,4.6,10,33.5,110,4.21,7.31,0
RB,68.25,206,4.58,14,31.5,116,4.26,7.11,1
LB,74.75,236,4.65,20,45.5,130,4.13,7.12,1
LB,75.25,242,4.54,21,37.5,120,3.87,7.2,1
WR,70.3,180,4.44,12,31.0,117,4.56,7.31,1
WR,69.3,167,4.65,17,30.5,109,4.29,7.31,1
OT,77.3,354,5.75,20,23.0,111,4.39,7.31,1
RB,72.3,195,4.47,16,39.0,134,4.03,7.31,1
RB,70.88,227,4.52,29,38.5,128,4.25,7.09,1
RB,71.4,220,4.91,16,32.0,114,4.18,7.58,1
OT,77.63,320,5.33,28,27.0,100,4.99,8.15,0
CB,69.5,187,4.38,9,38.5,112,4.29,7.31,1
WR,71.4,184,4.59,19,29.5,112,4.38,7.51,0
TE,77.5,250,4.68,22,35.5,119,4.32,6.92,1
DE,76.13,287,4.74,25,31.0,117,4.37,7.07,1
DT,75.75,298,4.99,28,25.5,106,4.87,8.18,0
OT,77.0,311,5.16,23,34.3,112,4.37,7.31,0
WR,72.1,193,4.41,9,35.0,117,4.23,7.31,0
RB,70.25,226,4.39,17,36.0,123,4.24,7.01,1
QB,77.0,229,5.08,22,32.6,113,4.33,7.31,1
CB,70.25,188,4.52,21,36.0,117,4.07,6.81,0
RB,73.6,250,4.81,21,31.0,109,4.45,7.31,1
LB,74.5,222,4.83,19,32.5,110,4.28,7.31,0
RB,69.13,208,4.56,16,37.5,127,4.2,6.82,1
LB,73.25,234,5.01,19,30.5,115,4.39,7.21,0
WR,76.9,208,4.7,22,31.0,122,4.4,7.19,1
OG,76.25,308,5.29,30,25.5,98,4.62,7.73,0
WR,74.75,220,4.62,13,31.5,120,4.46,6.77,0
OG,75.75,298,5.23,20,27.5,103,4.56,7.5,0
DE,77.38,266,4.77,22,35.0,120,4.38,7.07,1
DE,75.0,267,4.78,19,32.0,105,4.32,7.23,0
RB,68.5,205,4.6,21,33.5,116,4.51,7.31,0
DT,76.5,290,4.78,21,34.0,114,4.36,7.31,0
QB,74.3,231,4.96,22,33.5,115,4.11,6.89,0
RB,71.8,223,4.65,22,32.8,112,4.39,7.31,0
QB,75.1,235,5.02,19,30.0,106,4.66,7.31,0
OG,76.1,272,4.75,26,31.4,110,4.44,7.31,0
RB,73.25,233,4.65,20,29.0,113,4.4,7.14,1
S,72.0,196,4.44,10,39.0,130,4.14,7.11,0
WR,71.5,173,4.55,19,36.5,121,4.15,7.31,1
RB,73.8,248,4.66,20,31.0,115,4.09,7.32,0
RB,71.75,239,4.73,14,36.5,120,4.16,7.14,0
RB,73.0,218,4.84,12,29.5,110,4.18,7.31,0
RB,73.8,220,4.56,16,35.5,121,4.27,7.31,1
OT,78.0,322,5.57,27,22.5,102,4.43,7.31,0
WR,71.3,187,4.61,17,31.5,109,4.02,7.31,0
WR,75.6,194,4.38,20,33.0,117,4.17,7.19,1
RB,71.1,205,4.67,12,31.0,115,4.42,7.31,0
OT,80.0,328,5.24,23,23.5,99,4.61,8.03,0
RB,72.0,211,4.43,22,38.5,128,3.91,7.31,0
C,75.1,271,5.08,21,30.5,111,4.35,7.31,0
OG,75.3,296,5.19,17,25.0,112,4.5,7.31,1
TE,78.63,245,4.64,17,37.5,117,4.26,6.95,0
S,72.0,210,4.89,20,30.8,111,4.47,7.31,1
RB,73.63,239,4.96,19,29.0,111,4.62,7.43,0
S,74.0,202,4.59,20,33.5,111,4.47,7.31,1
CB,72.13,201,4.58,11,33.0,122,4.15,7.18,1
TE,76.5,274,4.84,12,30.5,110,4.41,7.31,1
RB,68.3,177,4.86,16,31.6,113,4.38,7.31,1
S,72.5,211,4.62,17,38.0,132,4.38,7.09,1
WR,72.38,175,4.4,20,38.0,123,4.23,7.09,0
OG,75.38,323,5.33,25,31.5,103,4.87,8.17,1
TE,78.5,245,4.89,12,29.0,109,4.59,7.19,0
WR,70.13,186,4.56,13,33.5,105,4.18,6.98,1
TE,77.88,259,4.55,22,37.0,126,4.38,7.43,0
LB,72.4,238,4.85,22,37.5,121,4.17,7.35,0
DE,76.0,265,4.55,36,39.0,128,4.74,7.47,0
RB,72.3,228,4.75,18,32.0,114,4.24,7.31,0
DT,73.4,290,4.89,24,30.8,111,4.47,7.31,0
TE,76.63,246,4.64,16,35.5,111,4.31,6.96,1
QB,78.13,242,5.06,21,29.0,101,4.62,7.67,1
CB,70.5,180,4.44,9,39.0,120,4.19,6.81,0
LB,76.6,233,4.76,18,34.0,120,4.12,7.31,0
S,70.63,220,4.64,18,34.5,116,4.46,7.31,0
RB,70.63,214,4.54,22,32.3,115,4.21,7.31,0
C,76.13,301,4.77,26,33.3,126,4.45,7.31,0
WR,68.8,165,4.41,19,30.7,111,4.47,7.31,0
DE,75.75,261,4.53,21,38.0,125,4.51,7.31,0
QB,76.1,216,4.69,18,33.0,116,4.31,7.31,0
CB,70.4,185,4.49,11,34.0,115,4.44,7.31,1
QB,76.0,234,4.59,21,36.0,124,4.28,6.8,1
RB,71.5,238,4.71,17,32.0,112,4.45,7.31,0
LB,74.8,249,4.92,20,32.0,114,4.6,7.31,0
QB,74.25,226,4.79,19,32.5,116,4.32,7.11,1
K,75.75,248,4.74,21,33.1,115,4.38,7.31,0
OT,75.1,300,5.55,18,25.5,91,4.93,7.31,0
CB,68.5,184,4.9,9,30.7,111,4.47,7.31,1
OG,75.0,264,5.36,20,24.5,109,4.54,7.31,0
OT,77.1,330,5.52,23,28.0,98,4.65,7.84,0
K,70.1,180,4.89,20,30.8,111,4.47,7.31,1
TE,78.13,259,4.75,18,34.0,118,4.53,7.64,1
QB,78.25,236,4.68,20,35.5,123,4.46,7.06,1
TE,77.5,263,4.94,27,31.5,108,4.37,7.53,0
LB,74.0,238,4.78,15,30.0,110,4.31,7.31,0
RB,72.25,233,4.46,18,34.0,117,4.08,7.1,1
DE,75.6,263,4.75,20,38.0,119,4.03,7.16,1
RB,70.4,255,4.86,18,31.6,113,4.38,7.31,1
CB,71.0,173,4.88,20,31.9,112,4.35,7.31,1
DT,75.5,295,5.26,22,33.5,111,4.33,7.31,0
DE,77.0,284,5.0,27,30.5,113,4.52,7.49,0
RB,71.6,213,4.72,19,35.0,120,4.41,7.31,1
C,74.38,299,5.27,27,25.5,95,4.96,8.03,1
CB,70.4,189,4.41,10,41.0,136,3.82,6.88,1
CB,71.13,203,4.4,25,36.0,125,4.07,6.75,1
OG,76.4,316,5.37,22,30.5,96,5.05,8.15,1
DT,75.25,301,4.75,30,33.6,113,4.43,7.31,0
RB,73.8,277,5.0,22,28.0,107,4.33,7.31,0
CB,70.75,182,4.77,19,32.5,115,4.42,7.31,0
S,73.63,224,4.6,21,36.5,131,4.36,7.31,0
DE,76.88,255,4.66,18,36.0,122,4.13,6.89,1
OG,78.0,318,5.31,21,27.5,108,4.51,7.31,0
WR,69.38,192,4.52,16,35.0,123,4.23,6.94,0
TE,76.1,244,4.83,19,33.5,116,4.06,7.75,1
OT,77.75,312,5.2,24,28.5,115,4.9,8.03,1
OT,76.0,305,5.58,19,24.5,100,5.09,7.31,0
CB,70.5,175,4.32,7,37.0,124,4.46,7.31,0
RB,73.0,231,5.05,15,31.0,107,4.54,7.32,0
RB,73.0,212,4.71,18,34.5,111,4.41,7.31,1
DT,76.5,328,5.09,39,30.0,100,4.71,8.12,1
S,70.75,202,4.52,18,35.0,121,4.47,7.21,0
DE,76.1,270,4.66,26,36.5,119,4.08,6.82,1
TE,76.4,272,4.83,28,33.5,107,4.15,7.42,0
LB,73.0,229,4.72,15,33.0,114,4.29,7.6,0
OT,77.13,299,5.21,24,28.0,103,4.88,7.71,0
RB,67.6,176,4.6,17,30.5,108,4.41,7.31,1
RB,70.25,259,4.73,28,34.5,104,4.64,7.6,0
C,75.63,300,5.09,24,27.5,104,4.36,7.47,1
DE,77.0,268,4.71,24,37.5,118,4.29,7.33,1
CB,71.1,181,4.61,8,36.5,119,4.16,7.19,1
CB,69.8,180,4.61,13,32.0,119,4.05,7.31,1
LB,72.4,235,4.89,20,30.8,111,4.47,7.31,1
WR,77.0,239,4.38,22,42.5,139,4.42,7.31,1
S,73.0,215,4.79,19,29.5,110,4.26,7.3,0
DE,75.8,311,5.06,23,29.5,106,4.81,7.31,1
CB,68.75,186,4.5,4,34.0,117,4.14,6.87,1
LB,76.4,245,4.81,16,32.0,119,4.04,7.31,1
CB,71.3,196,4.91,21,31.1,112,4.44,7.31,1
RB,72.75,230,4.48,16,33.5,117,4.46,7.16,0
DT,74.3,302,4.99,22,29.5,109,4.74,7.31,1
K,72.25,193,4.77,21,32.7,114,4.37,7.31,1
C,73.13,252,4.82,15,31.0,119,4.19,7.17,1
WR,70.0,187,4.47,17,35.0,114,3.96,7.31,1
WR,76.75,241,4.5,23,39.0,129,4.0,7.31,1
WR,70.25,187,4.33,17,36.5,119,4.25,6.75,1
CB,72.4,196,4.56,18,31.5,115,4.13,7.31,0
CB,70.9,185,4.52,9,35.5,120,4.09,6.94,1
DE,76.63,280,4.89,21,29.0,116,4.59,7.29,0
DE,75.38,273,4.65,32,34.0,115,4.36,7.25,1
K,74.0,176,4.75,20,33.5,116,4.46,7.31,1
OG,78.9,315,5.45,24,30.0,100,4.88,8.09,1
TE,76.75,253,4.84,17,27.0,112,4.45,7.37,0
LB,73.6,229,4.99,24,28.5,108,4.43,7.31,0
RB,69.25,201,4.6,18,31.5,124,4.2,7.05,0
QB,75.3,228,4.9,19,30.7,111,4.47,7.31,1
CB,71.75,185,4.5,15,31.0,115,4.23,7.15,0
RB,69.13,215,4.62,21,31.5,113,4.62,7.13,1
S,74.0,199,4.72,22,36.5,124,4.33,7.31,0
RB,72.4,240,4.68,24,33.0,117,4.16,7.31,1
CB,71.63,185,4.51,10,39.5,128,4.0,6.59,0
RB,73.13,239,4.79,23,33.0,113,4.45,7.31,0
WR,72.3,185,4.86,18,31.6,113,4.38,7.31,0
RB,70.63,211,4.49,20,36.0,124,4.19,6.89,1
WR,72.6,187,4.59,8,31.5,116,4.29,7.31,0
OT,76.88,341,5.26,31,25.5,109,4.68,7.91,1
LB,71.25,224,4.65,15,36.0,113,4.12,7.01,0
DE,76.5,274,4.83,23,29.0,113,4.66,7.42,1
WR,70.13,182,4.63,8,32.5,119,4.19,6.91,0
S,72.5,222,4.43,20,41.5,130,3.9,6.87,0
WR,71.25,214,4.48,15,39.0,122,4.14,7.03,1
LB,74.4,244,4.88,24,31.9,112,4.35,7.31,1
CB,75.0,208,4.91,19,31.1,112,4.44,7.31,1
LB,73.4,235,4.68,22,35.5,124,4.17,7.31,0
QB,77.0,219,5.02,20,32.3,115,4.74,7.63,0
RB,73.38,230,4.6,24,31.5,118,4.24,6.75,1
RB,67.25,184,4.39,14,35.5,124,4.31,7.12,1
C,75.5,276,4.85,17,31.4,110,4.44,7.31,0
WR,71.13,192,4.39,19,37.5,121,4.45,7.31,1
DT,78.75,352,5.18,27,20.5,104,5.09,7.99,0
OG,79.0,310,5.46,15,20.5,88,4.88,7.31,1
K,77.38,237,4.79,20,32.3,115,4.46,7.31,0
WR,73.25,240,4.55,21,36.5,118,4.6,7.23,1
LB,75.0,251,4.76,14,31.0,111,4.33,7.42,0
RB,70.8,223,4.58,20,35.0,117,4.36,7.31,0
DT,75.5,346,4.89,44,29.5,105,4.56,7.9,1
QB,79.9,243,5.1,18,31.5,114,4.36,7.31,0
S,71.25,203,4.5,11,33.5,113,4.12,6.78,1
LB,75.9,250,4.9,19,30.7,111,4.47,7.31,1
WR,72.13,195,4.45,10,34.0,122,4.39,7.19,0
QB,75.38,211,4.52,21,36.0,127,4.29,7.15,0
C,75.88,310,5.19,30,30.5,99,4.51,7.56,1
TE,77.13,254,4.8,26,34.5,120,4.44,7.31,0
LB,75.0,239,4.82,20,36.0,131,4.51,7.03,0
LB,72.13,237,4.42,22,39.5,118,4.17,7.07,1
S,73.25,214,4.51,24,39.5,118,4.54,7.43,1
RB,73.9,240,4.67,22,32.5,114,4.26,7.29,0
LB,71.63,218,4.88,15,32.0,112,4.27,7.31,0
DE,77.4,283,5.14,23,27.5,108,4.6,7.31,0
DT,73.38,309,4.93,29,34.5,109,4.7,7.9,1
WR,69.6,184,4.31,20,42.0,112,4.37,7.31,1
WR,68.5,186,4.48,17,38.5,126,3.8,6.64,0
DE,75.75,266,4.79,29,33.5,116,4.14,7.1,1
OG,78.5,321,5.56,21,27.5,97,4.71,7.71,0
CB,73.5,197,4.53,16,36.0,118,4.35,7.0,0
DT,74.25,296,5.16,29,28.0,100,4.61,7.78,0
LB,76.1,238,5.04,18,31.0,115,4.17,7.31,1
WR,72.63,203,4.52,16,34.5,118,4.15,6.84,0
RB,71.3,203,4.91,16,41.5,131,4.1,7.31,1
S,71.25,212,4.46,22,38.0,108,4.15,6.73,1
WR,74.3,219,4.48,20,36.0,112,4.37,7.31,0
QB,74.3,195,4.96,19,30.0,111,4.29,7.3,1
DE,75.25,268,4.89,22,28.5,111,4.7,7.41,0
CB,70.4,204,4.65,14,33.0,115,4.02,7.31,1
C,73.9,300,5.26,31,31.0,109,4.35,7.56,1
S,72.6,216,4.53,15,33.0,121,4.18,7.31,1
WR,74.88,219,4.42,20,37.5,123,3.98,6.64,0
DE,75.1,268,4.91,20,31.5,113,4.36,7.4,0
RB,69.88,219,4.63,16,35.5,117,4.19,7.01,1
S,72.0,205,4.58,24,34.0,117,4.13,6.74,0
S,72.0,201,4.78,10,31.9,115,4.2,7.31,1
S,72.38,199,4.64,12,35.5,128,4.39,6.96,1
TE,77.25,254,4.53,23,37.5,119,4.03,6.82,1
C,76.9,314,5.44,27,27.5,99,4.77,8.34,1
S,71.63,214,4.56,18,31.5,120,4.13,6.96,1
RB,70.6,207,4.82,16,30.1,109,4.48,7.31,1
C,74.75,307,5.15,29,30.5,112,4.6,7.73,0
TE,75.9,264,5.16,17,26.5,102,4.5,7.31,1
DE,75.9,264,4.86,21,32.0,113,4.4,7.31,0
RB,71.8,246,4.75,24,34.0,111,4.24,7.53,0
OT,77.0,358,5.26,33,30.5,105,4.97,8.07,0
LB,75.13,246,4.67,21,33.5,118,4.21,6.92,0
QB,76.25,232,4.75,20,31.5,114,4.46,7.07,0
LB,74.75,239,4.63,27,40.0,129,4.28,7.06,0
LB,73.25,239,4.62,34,40.0,123,4.38,6.99,0
RB,72.6,226,4.82,20,30.1,109,4.48,7.31,0
CB,71.1,184,4.58,2,39.5,133,4.36,7.31,0
DE,75.9,269,4.88,28,33.0,111,4.4,7.65,0
RB,71.6,212,4.69,21,33.0,120,4.15,6.89,0
CB,70.0,187,4.57,12,32.0,111,4.3,7.31,1
OG,76.38,307,5.2,31,29.5,113,4.58,7.56,0
S,76.75,211,4.48,14,41.0,133,4.36,7.31,0
OT,78.0,303,4.72,28,34.0,118,4.52,7.31,1
QB,75.75,231,4.94,19,31.0,113,4.53,7.17,0
DE,76.38,272,4.68,25,40.0,121,4.21,7.31,1
WR,73.0,192,4.58,20,33.0,108,4.14,7.51,1
DT,75.1,268,4.87,28,30.5,110,4.41,7.31,0
WR,74.63,217,4.55,21,31.0,123,4.35,7.03,1
RB,66.75,207,4.39,18,36.0,116,4.38,7.08,1
RB,71.1,191,4.57,23,33.0,118,4.28,7.31,0
CB,70.0,199,4.68,18,31.5,117,4.04,7.31,0
RB,70.3,234,4.61,31,30.8,111,4.38,7.31,1
OT,78.75,304,4.96,22,30.5,107,4.7,7.51,0
LB,74.0,235,4.49,32,38.5,124,4.28,7.19,1
WR,71.5,205,4.65,12,28.5,110,4.59,7.56,1
QB,74.4,203,5.1,3,23.0,93,4.63,7.31,1
OG,77.38,305,5.14,36,31.0,112,4.5,7.6,1
S,68.4,204,4.4,15,41.5,128,3.91,6.7,1
WR,77.0,210,4.69,18,37.0,121,4.15,7.31,0
QB,72.9,196,4.79,17,35.0,116,4.03,7.31,0
RB,70.5,196,4.69,16,30.0,111,4.48,7.31,0
WR,69.75,169,4.4,21,34.5,120,4.19,6.82,1
LB,74.5,218,4.75,17,33.5,122,3.87,7.31,0
DE,77.3,245,4.75,16,36.0,118,4.12,7.31,0
LB,75.38,238,4.74,20,30.5,117,4.18,6.96,0
OT,77.13,298,5.09,20,32.0,106,4.47,7.44,0
WR,70.38,193,4.43,21,36.5,117,4.07,6.95,1
K,71.4,190,4.96,6,26.0,103,4.49,7.31,1
CB,70.13,207,4.68,15,35.0,113,4.1,6.75,1
WR,75.3,210,4.73,22,38.0,128,4.09,7.1,0
OT,77.5,321,5.4,20,25.0,103,4.92,7.69,0
WR,70.88,186,4.4,12,39.5,126,4.1,6.64,1
QB,74.63,214,4.84,21,28.5,109,4.5,7.05,1
C,74.9,280,5.14,20,28.0,102,4.59,7.31,1
LB,75.5,250,4.64,19,41.5,139,4.32,7.1,1
LB,72.9,240,4.88,26,32.0,113,4.12,7.31,1
C,74.4,292,5.24,25,25.0,100,4.85,8.52,1
LB,72.25,232,4.61,19,38.0,124,4.14,7.14,1
RB,69.1,182,4.9,19,30.7,111,4.47,7.31,1
K,73.5,212,4.91,19,31.1,112,4.44,7.31,0
OT,76.63,315,4.81,23,34.5,113,4.63,7.64,1
LB,74.3,237,5.09,18,30.5,106,4.58,7.31,0
OT,76.3,337,5.47,30,31.5,99,4.93,8.88,0
OT,76.5,300,5.05,28,31.5,112,4.34,7.69,1
S,72.88,220,4.69,18,37.5,124,4.27,7.31,0
WR,75.0,211,4.49,12,37.0,124,4.43,7.2,0
LB,74.5,240,4.73,22,35.5,111,4.39,7.31,1
LB,76.13,231,4.68,12,37.0,120,4.57,7.31,0
OG,74.75,321,5.2,28,21.5,98,4.98,8.07,0
CB,71.4,188,4.59,9,33.0,102,4.77,7.31,1
LB,72.88,244,4.7,27,35.5,119,4.39,7.0,0
LB,76.13,250,4.95,24,32.0,115,4.15,6.64,0
K,68.4,189,5.1,10,22.0,96,4.47,7.31,0
TE,77.5,252,4.71,19,32.5,118,4.51,7.31,0
DE,75.88,266,4.65,18,33.5,122,4.4,7.03,1
WR,72.4,196,4.86,18,34.5,112,4.38,7.31,0
S,71.0,196,4.67,15,36.0,121,4.2,7.12,0
OT,78.63,318,5.06,26,30.0,113,4.92,8.01,0
DE,76.1,267,4.64,26,34.0,117,4.37,7.31,1
S,72.0,199,4.6,14,41.5,129,4.46,7.31,0
RB,72.9,228,4.6,18,37.5,118,4.42,7.31,1
RB,71.25,214,4.43,18,37.0,125,4.47,7.09,1
WR,73.0,209,4.42,19,36.0,125,4.0,7.01,1
S,71.4,189,4.63,19,35.0,120,4.39,7.31,1
QB,73.75,218,4.91,21,28.5,101,4.13,7.03,0
S,71.63,211,4.4,19,43.0,130,4.23,6.8,1
OT,77.25,335,4.79,19,32.6,115,4.46,7.31,0
QB,70.63,204,4.53,21,34.0,118,4.09,6.97,1
LB,72.38,238,4.66,20,35.5,121,4.24,7.05,0
WR,74.0,230,4.4,22,39.0,132,4.39,7.31,1
WR,71.5,213,4.6,22,35.0,123,4.16,7.47,0
K,75.0,211,4.82,12,30.1,109,4.48,7.31,1
C,74.1,300,5.32,30,28.0,100,4.55,8.1,1
DT,75.5,271,4.99,20,30.0,108,4.53,7.31,1
QB,74.3,223,4.64,21,33.0,116,4.38,7.3,1
OG,77.5,309,4.77,20,33.3,115,4.45,7.31,0
CB,70.88,191,4.5,14,40.5,130,4.03,6.84,0
DE,74.38,270,4.79,21,30.4,115,4.43,7.31,0
